_CFKZZ,（ ）长方块中最大的形制，常用于肉的加工，如’烤酥方‘，,"烤方"
_CLHYD,（ ）除了含有多种营 养成分外，还能溶解植物纤维和动物骨刺，烹调时添加适当的它，可以加速其煮烂，并能减少维生素的损失，同时还使食物中钙，磷，铁处溶解状态。,"醋"
_CY_CY,（ ）粗约0.5cmX0.5cm，长约3.5~4.5cm，因粗如竹筷，故又称之为“筷子条”。,"细条"
_CY_CY,（ ）粗约1cmX1cm，长约3.5~4.5cm，因粗如笔杆，故又称为“笔杆条”。,"中粗条"
_CY_CY,（ ）粗约1.5cmX1.5cm，长约3.5~4.5cm，因其粗如手指，故又称之为“指条”。,"粗条"
_CYTRH,（ ）采用天然黄砂石凿 成，一般长约35cm厚约12cm。,"粗磨石"
_CYTRQ,（ ）采用天然青砂料凿 成。,"细磨石"
_DPRXW,（ ）刀平刃向外，紧贴皮层，运用推力向前使皮与肉分开。,"铲"
_DRQJY,（ ）刀刃嵌进原料1/3，以刀身作为杠杆拨开原料，料块表体有纤维的丝裂状，能提高原料对调味卤汁的吸附力。,"撬"
_DRQJY,（ ）刀刃嵌进原料，左手掌猛击刀背，截断原料的刀法。,"拍刀剁"
_DSCZ_,（ ）刀身垂直，紧压料面，作平面横向运行，适用于去除附着于原料表层的骨膜及皮层毛根，鳞片和污物。,"刮"
_DSHPM,（ ）刀身横平猛击原料，使之松裂。,"拍"
_DSYDS,（ ）刀身与刀石保持一定的锐角角度推拉研磨适用于磨制刀身厚重的砍剁刀，可以直接对刀刃进行研磨而不磨及刀身。,"翘磨"
_DSYDS,（ ）刀身与刀石贴紧，推拉研磨适用于磨制刀身平薄的批片刀。,"平磨"
_DYYDF,（ ）多用于豆腐，豆腐干，萝卜，土豆等，有等腰三角块与任意三角块两种。,"菱形块"
_DZPY_,（ ）的装盘由10种左右的冷菜原料构成，是多种冷菜原料组配的特例。,"什锦排盘"
_GGZD_,（ ）规格最大，为大菜料形，一般从水发鱼皮，魷鱼等原料上取片，用于扒，烩。,"大菱形片"
_JCYKF,（ ）仅次于烤方，为长方块中第二大形制，常用于肉的加工适用于炖，焖，如东坡肉等。,"酱方"
_JDYQ_,（ ）将刀扬起，运用小臂的力量迅速垂直向下截断原料带骨和厚皮的原料常用此法。,"砧剁"
_JJDTG,（ ）将尖刀贴骨运行，使骨与肉分离是折缷加工的专门刀法。,"剔"
_JSJJD,（ ）就是将解冻的原料放在0°-3°的条件下缓慢解冻。,"自然解冻法"
_JYDBL,（ ）借用大臂力吊将刀高扬猛击原料的刀法。,"砍刀剁"
_JYLDC,（ ）将原料叠成方正的墩，再切成丝，适用于软，嫰性原料，如豆腐等。,"叠切式"
_JYLJC,（ ）将原料卷成柱形，再切成丝，适用于对薄而韧的大张厚料的加工，如百叶等。,"卷切式"
_JYLPC,（ ）将原料铺成整齐的瓦楞形，再切成丝，肉类原料宜用此法。,"铺切式"
_JYLQJ,（ ）将原料嵌进刀刃随刀扬起剁下断离的方法，一些带骨的圆而滑的原料常用此刀法。,"跟刀剁"
_JZXP_,（ ）即正斜片，右侧角度为锐角（40°-50°）一般般来讲，运用的是拉力，故又叫“斜拉片”。,"正斜刀法"
_LTWJ_,（ ）两头微尖，中间略宽，片体较薄，形似柳叶。,"柳叶片"
_PZDCP,（ ）烹制的菜品具有干酥，香脆，外焦里嫰，色泽金黄的特点。,"水粉糊"
_SBZBC,（ ）是帮助保持体液平衡的信号，它由食盐产生，吃咸能软化体内的肿块，在剧烈呕吐，腹泻和大汗不止时，适当补充淡盐水可防止体内水，电解质紊乱。,"咸味"
_SBZRT,（ ）是保证人体不受有害物质危害的信号，它由有机碱产生，有燥湿利尿作用，但过苦则易导致消化不良症。,"苦味"
_SCFKZ,（ ）是长方块中的第小形制，形状大小如骨牌，故得名。,"骨牌块"
_SYTSH,（ ）属于碳水化合物，可提供人体生命活动的热能，是人类获得热能最主要，最经济的能源。,"糖"
_SZDRY,（ ）是指刀刃运行与原料保持水平的所有刀法。,"平刀法"
_SZDRY,（ ）是指刀刃运行与原料保持直角的一切刀法。,"直切法"
_SZFDH,（ ）是煮发的后续过程，当干料煮到一定程度时，需要改小火，微火。或将锅端离火源，盖紧盖子使温度逐渐下降，让原料从外到里全部涨发透。,"焖发"
_SZJGL,（ ）是指将干料放入水中浸泡而不再继续加热，使其慢慢泡发涨大，此法多用于形体较小，质地较嫰的干料。如香菇。,"泡发"
_SZJYL,（ ）是指将原料先用油将水分煸干，再加调料炒入味，原料不上浆，调味不勾芡的方法，是烹的一种变形。,"干煸"
_XTLCE,（ ）形体略长而窄，正反斜刀法皆可取，体壁较厚，适用于大菜。,"长条片"
_XY_CY,（ ）细约0.3cmX0.3cm，长约4.5~5.5cm，因细如绒线故又称之为“绒线丝”，用于炒，烩，汆等。,"粗丝"
_XY_CY,（ ）细约0.15cmX0.15cm，长约4.5~5.5cm，因细如火柴梗，故又称之为“火柴梗子丝”，收缩较小具有一定韧性的原料宜切此形。,"中细丝"
_XY_YX,（ ）细约0.1cmX0.1cm以下，长约4.5~5.5cm，因细如麻丝，可以穿针 眼，故又称之为“麻线丝”。,"二细丝"
_YBLS_,（ ）一般来说，采用平推翘拉的磨法，平推是对刀板磨制，能保持平滑，翘磨是指直接对刀刃磨制，但又不损伤刀刃。,"平翘结合磨"
_YLDPB,（ ）原料的配比是淀粉55%，水45%。,"水粉糊"
_YYPDD,（ ）运用排剁的方法，但又不将原料断离，仅使之骨折，筋断肉质疏松的方法。,"排法"
_YYTLD,（ ）运用推拉的方法悬空将肉的某 一部分从整体取下。,"割"
_YYTZJ,（ ）用于体质坚硬，厚大而带有重腥臊气味的干料如，鱼翅。,"煮发"
_ZCYZY,（ ）指菜肴中有主料和铺料，并按一定的比例构成，其中主料一般为动物性原料，铺料一般为植物性原料。,"主铺料菜肴的组配"
_ZDSKY,（ ）中的酸可以与肉类中一些异味的成分结合，形成不易挥发的成分，从而抑制肉类原料发出腥，膻 味。,"食醋"
_ZLCPY,（ ）这类菜品一般采用最后投放调味料的调味法，即在原料经过熟制处理以后，在成菜前投放调味料定味。,"炖，煨"
_ZSCJS,（ ）则是刺激食欲的信号，它由辣椒碱产生，吃辣食可消除体内气滞，血滞等症状。,"辣味"
_ZWGNF,（ ）在我国南方地区使用十分普遍，特别是运用酱油作为咸味剂的菜品，经常以咸甜味的形式出现，如酱爆，红烧，卤酱，红扒等。,"咸甜味"
_ZZKRD,（ ）在整块肉的肉面，有规则切片或切块，且皮仍保持完整的刀法。,"吞刀"
_ZQLS_, （ ）在切料时，一边进刀刃，一边将原料相应滚动，原料每滚动一次，刀做一次直切，也可滚动一次直切数次。,"滚料切"
_DSYCJ, （ ）刀身一側紧压原料，斜刀平面推进，将原料 碾压成茸泥。,"塌"
_ZTSWZ, （ ）在甜酸味中起底味作用，目的是保证菜品有一个基本的口味，调味时要严格控制好它的用量，因为咸味的轻重会引起甜味和酸味的变化。,"盐"
_SXCDX, （ ）是新陈代谢加速的信号，它由有机孙产生，食之可增强肝脏功能，对防治某些肝病有益处，但食之过多会引起消化功能紊乱。,"酸味"
_SYDRZ, （ ）时运刀如铡刀切草，它是切刀法的特殊刀法，刀刃垂直平起平落称直铡法，适用于薄壳原料，如螃蟹，熟鸭蛋等。,"铡切"
_CYZ_Z, （ ）菜肴中 主料品种的数量为两种以上或两种，无任何铺料之别，每种主料的重量基本相同。,"多种主料菜肴的组配"
_LXYCZ, 料形又称正三角块，即三角块的两腰边长相等，边长不超过3cm，块面平整的 （ ），常用于豆腐皮及豆腐干。,"等腰三角块"
_YCBQX, 又称半球形冷菜，（ ）是冷菜中最常用的一种装盘形式，冷菜原料在盘中形成中间高，周围较低的半球形。,"馒头式"
BGLFZR,把干料放在热水中，用各种加热的方法促使原料加速吸收水分，成为松软嫰滑的全熟或半熟的半成品叫做（ ）。,"热水发"
BS_GSY,拔丝，挂霜一类的菜品是以蔗糖调配而成，形成了（ ）味型的菜肴。,"甜香味"
BZBCTY,帮助保持体液平衡的信号的（ ）由食盐产生，它能软化体内的肿块，在剧烈呕吐，腹泻和大汗不止时适当的补充它可防止体内水，电解质紊乱。,"咸味"
BZRTBS,保证人体不受有害物质危害的信号 的（ ），它由有机碱产生，有燥湿利尿作用，但过苦则易导致消化不良症。,"苦味"
BZW_HZ,白汁味，红汁味，麻酱味，卤味，蟹肉味，虾子味属于（ ）味型。,"咸鲜味"
BZW_HZ,白汁味，红汁味，麻酱味，卤香味，蟹肉味，吓子味属于（ ）复合味型。,"咸鲜味"
B_C_Z_,爆，炒，炸，煎类菜品盛装的餐具以（ ）。形状可以是椭圆形盘，腰形盘等。,"平盘"
CCD_JD,川菜的“鸡豆花”选用鸡的（ ）来制作。,"鸡脯"
CCHGRS,川菜回锅肉是属于（ ）的烹调方法。,"熟炒"
CC_FRJ,川菜“芙蓉鸡片”选用鸡的（ ）为原料制作而成。,"鸡脯"
CDWSZY,醋的卫生作用是（ ）。,"抑菌杀菌"
CFKZSZ,长方块中是最大的形制（ ），常用于肉的加工，如“烤酥方”。,"烤方"
CGFYSR,炒锅放油烧热→葱姜蒜煸香→加水，糖，盐熬制→加入醋→用湿淀粉勾芡→淋入热油拌均匀是（ ）的调配方法。,"酸甜味-糖醋味"
CGFYSR,炒锅放油烧热→葱，姜，蒜煸香→加水，糖，盐熬制→加入醋→用湿淀粉勾芡→淋入热油拌匀是（ ）的调配方法。,"糖醋味"
CJSYDX,刺激食欲的信号的（ ）由辣椒碱产生，吃辣食可消除体内气滞，血滞等症状。,"辣味"
CKYQD_,醋可以起到（ ）的作用。,"抑菌杀菌"
CPJDGY,脆皮鸡的工艺流程是（ ）。,"选料—初步热处理——抹糖浆—晾干—炸制—装盘"
CPYBCY,菜品一般采用分次加入调味料定味烹调方法的（ ），即将调味料按菜品的要求分别投入到菜品中进行调味。,"烧、煮、烩"
CSJJRD,长时间加热蛋白质产生一些低聚肽，容易被人体消化吸收，消化率为（ ）的鸡蛋是没加热生食。,"0.35"
CSJJRD,长时间加热蛋白质会产生一些低聚钛，容易被人体消化吸收，鸡蛋搅拌炒制后有（ ）的消化率。,"0.97"
CSJJRD,长时间加热的蛋白质会产生一些低聚钛，容易被人体消化吸收，达到消化率为（ ）鸡蛋应带壳煮熟。,"1"
CTLRZZ,传统腊肉制作季节主要在农历的（ ），因此制作的腊制品习惯以腊肉名称。,"腊月"
CXDZSC,菜心的焯水处理方法（ ）。,"热水预熟法"
CXDZSS,菜心的焯水属于（ ）处理,"沸水预熟法"
CXW_GH,纯香味、桂花糖味、蜜饯味、薄荷味、麻糖味属于复合味的（ ）味型。,"甜香味"
CY_CY_,粗约0.5cmx0.5cm，长约3.5－4，5cm见方的（ ），因粗如竹筷，故又称为“筷子条”。,"细条"
CY_CY_,粗约1cmx1cm，长约3，5-4.5cm的（ ），因粗如笔杆，故又称之为“笔杆条”。,"中粗条"
CY_CY_,粗约1.5cmx1.5cm，长约3.5-4，5cm的（ ）因粗如手指，故又称”指条“,"粗条"
CYTRHS,采用天然黄砂料凿成的（ ），一般长约35cm，厚约12cm，这种磨石颗粒粗，质地松而硬，常用于新刀刃或磨有缺口的刀。,"粗磨刀石"
CYTRQS,采用天然青砂石料凿成，形状类似粗磨石的（ ），这种磨石颗粒细腻、质地坚实，能将刀磨快而不伤刀刃，应用较广。,"细磨石"
CYZXJS,菜肴造型就是将加工整理的原料，通过合理的成型和加工手法塑造出（ ）和谐美丽的形态。,"完整统一"
CYZZLP,菜肴中主料品种的数量为两种以上为（ ），无辅料之别，每种主料的重量基本相同。如“三色鱼圆”'植物四宝“。,"多种原料菜肴的组配"
CZ_DCX,操作（ ）的程序是将原料初步热处理后，加入调料和花椒油拌匀的一种方法。,"生炝"
CZ_DCX,操作（ ）的程序是将直接可食的或经过加热的原料改刀后，加上调味品拌匀的一种方法。,"凉拌"
CZ_DCX,操作（ ）的程序是选料—初步处理—抹糖浆—晾干—炸制—装盘。,"脆炸"
CZCX_X,操作程序；选料—加工成小型料—上浆—滑油—快速加热—原料成熟是（ ）的烹调方法。,"滑炒"
CZLC_X,操作流程；选料—切配—腌渍—拌粉—蒸制—装盘。属于（ ）。如粉蒸肉。,"蒸—粉蒸"
DBD_GL,刀柄短，惯力大，一刀多能的（ ），适用于前片后剁，中间切，使用方便省力，具有良好的性能。,"大方刀"
DDDSYW,叠大多使用无骨韧性（ ）的原料居多。,"脆"
DDY_JG,大丁由（ ）加工而成，又称拇指丁，常用于熘、炒等。如鸡丁、肉丁等。,"粗条"
DFD_SJ,剁法的（ ）是将刀扬起，运用小臂的力量，迅速垂直向下截断原料，带骨和厚皮的原料常用此法。,"砧剁"
DFD_SY,剁法的（ ）是有规划、有节律地连续剁的方法，是制作肉茸、菜泥的专门刀法。,"排剁"
DFDDRQ,剁法的刀刃嵌进原料，左手掌猛击刀背 ，截断原料的（ ）刀法。,"拍刀剁"
DFDLX_,刀法的类型；平批，推批，拉批，锯批，波浪批，旋料批属于（ ）。,"平刀法"
DFDLX_,刀法的类型；切，剁，排属于（ ）。,"直刀法"
DFDLX_,刀法的类型；削，刮，铲，挖，刨，割，剜等属于（ ）。,"其它刀法"
DFDQSY,刀法的切属于（ ）的刀法。,"直刀法"
DFDQ_D,刀法的切、剁、排统称为（ ）刀法的类型。,"直刀法"
DFDRND,淀粉的热黏度低，透明度和凝胶能力都较差的（ ），在在烹饪中经加工可制成澄粉。,"小麦淀粉"
DFDRND,淀粉的热黏度高，稳定性和透明度均好的是（ ），适宜勾芡和制作粉皮。,"绿豆淀粉"
DFJGHH,淀粉经过糊化之后生成的主要物质（ ）。,"糊精"
DFJRHH,淀粉加热糊化之后生成的一种物质是（ ），它人体需要营养成分。,"胡精"
DFKLD_,淀粉颗粒大，吸水力强，糊化温度低，黏度高，透明度好的（ ）最适合作为上浆和挂糊的原料。,"马铃薯淀粉"
DF_DFG,豆腐，豆腐干，萝卜，土豆等原料成形适合切（ ），有等腰和任意两种的块形。,"三角块"
DGDZYS,刀工的作用是便于加热，使于调味美化菜品和便于（ ）。,"食用"
DJLYBX,豆荚类一般先撕去老筋，去掉两端的荚头，放入（ ）中浸泡后再用水洗净。,"盐水"
DSLD_D,刀身略短，刀尖突出，刀板较轻薄，重约700gd的（ ）适于切，削，剔等。,"马头刀"
DSWNBJ,对食物内部解冻，在加热，等方面有着巨大忧试的电能加热设备是（ ）。,"微波炉"
DTCHX_,刀头呈弧形，刀腰至刀跟较平，刀身略长、略轻薄的（ ），重约750g，适用于切削、剔等。,"圆头刀"
DXCP_G,典型菜品“锅贴鱼”锅贴鸭“原料的片形是（ ）。,"平刀片"
DYZLDP,单一主料的配菜要将（ ）与菜品灵活地组合在一起丰富菜品。,"调味料"
FHWZFC,复合味中非常典型的味型之一，一直深受人们喜爱的（ ），除普遍使用的“糖醋”味型外还有“茄汁”“山楂”等。,"酸甜味"
FLYC_P,辅料又称’配料‘，在菜肴中为从属原料，指配合辅佐衬托和点缀主料的原料，所占的比例较少通常在（ ）以下作用是补充或增强主料的风味特性。,"30%-40%"
FSSYYQ,翻勺时由于其翻动的动作大，故称（ ）是左手握住炒勺，用力向上一翻，不仅使勺内菜肴全部翻个，而且超出勺口。,"大翻"
FXDFJF,反斜刀法即反斜批，右側角度为钝角角度为（ ）度。,"130~140"
FYDQYQ,放养的禽与圈养的禽相比，红肌纤维的数量（ ）所以前者的味要鲜美得多。,"多"
FZXPFZ,辅助性拍粉主要起定形和防止黏结的作用，如（ ）属于辅助性拍粉而定的形。,"菊花鱼"
GBNRSS,干煸牛肉丝属于（ ）的烹调方法。,"煸炒"
GBNRSS,干煸牛肉丝属于（ ）烹调方法。,"煸炒"
GCLSCG,根菜类蔬菜根据烹调要求削去外皮，切掉老根的（ ），如萝卜，胡萝卜，藕等。,"削皮-整理"
GHYLDZ,干货原料的涨发的（ ）加工主要是利用渗透作用和毛细现象,"冷水发"
GHYLZF,干货原料涨发的目的就是使干货原料最大限度地吸水膨润，因此，没有（ ）加这一环节，涨发工作就不能完成。,"水发"
GLFRRS,干料放入热水中浸泡而不在继续加热使其慢慢泡发涨大，（ ）法多用于形体小，质地㜛的干料。如银鱼，粉丝等。,"泡发"
GTY_GT,锅贴鸭，锅贴鱼属于（ ）的平刀法。,"平刀片"
GYHAZL,工业化腌制腊肉时，规定亚硝酸盐的用量不能超过（ ）。,"万分之1.5"
GZCYDS,各种菜肴都是由一定的质和量构成的，所谓的（ ）是指组成菜肴的各种原料的营养成分和风味指标。,"质"
GZCYDY,各种菜肴都由一定的质和量构成的，所谓的（ ）是指菜肴中各种原料的重量及菜肴的重量。,"量"
GZFY_S,锅中放油 烧热，将葱姜蒜煸香，放入番茄酱炒透，加水，盐，糖熬煮，最后加入白醋，勾芡后淋人热油搅拌均匀，浇在成熟菜品上是（ ）的调配方法。,"酸甜味-茄汁味"
HGRDPT,回锅肉的烹调方法是（ ）。,"熟炒"
HHSDPL,混合式的配料，原料之间的重量比例要（ ）。,"基本一致"
HJYW_H,花椒盐味，胡椒盐味，韭菜酱味，孜然盐味属于（ ）复合味型。,"咸香味"
HSW_FR,红烧味，腐乳味，酒酿味，瓜姜味，冰糖烧味属于（ ）复合味型。,"咸甜味"
HSW_FR,红烧味，腐乳味，酒酿味，瓜姜味，冰糖味属于（ ）复合味型。,"咸甜味"
HYYC_Z,含有乙醇、酯类、氨基酸等成分的（ ），其中乙醇可以促进异味的挥发，同时还能与有异味的酸在加热时形成具有香气的酯类；酯和氨基酸能促进肉的香味。,"料酒"
JCDGYL,焦炒的工艺流程（ ）。,"选料-切配-喂味-拍粉或挂糊-炸制-炒制调味-装盘"
JCLSCS,茎菜类蔬菜是以植物的茎部作为食用部位的蔬菜，如冬笋，春笋，茭白，莴笋等，其加工方法较为简单，即（ ）后用清水洗净。,"去皮、整理"
JCYKF_,仅次于烤方，为长方快中第二大形制，常用于肉的加工，卤方，熏方皆属（ ），适用于炖，焖“东坡肉”。,"酱方"
JD_ZAZ,鸡的（ ）在熬制浓汤时将其溶在浓汤中，用大火翻煮，油脂在鲜汤中形成乳化物，使汤的口味产生特殊的鲜美味道。,"鸡油"
JD_ZAZ,鸡的（ ）在熬制浓汤时将其溶在汤中，用大火翻煮形成氯化物，使汤的口味产生特殊的鲜美味。,"鸡油"
JDFDQL,鸡的分档取料后（ ）宜于加工成丁，丝，片，茸等来烹饪菜肴。,"鸡脯"
JDFDQL,鸡的分档取料左手抓住一侧鸡腿，反关节用力，用刀在腰窝处划断筋膜，再用刀在其坐骨处割划筋膜，用力即可撕下鸡腿。以上是鸡分割步骤的（ ）。,"第三步"
JDFGBZ,鸡的分割步骤的（ ）将光鸡平放在砧板上，在脊背部自两翅间至尾部用刀划一长口，再从腰部窝处至鸡腿内側用刀划破鸡皮。,"第一步"
JDHXLY,鸡豆花选料用鸡的（ ）为原料。,"鸡脯"
JDZF_Z,鸡的脂肪，在熬制农汤时用大火翻煮，油脂在鲜汤中形成（ ），使的口味产生特殊的味道。,"氯化物"
JFDQLH,鸡分档取料后（ ）适宜于煮，酱，卤，炸，烧，炖等,"鸡翅"
JFDQLH,鸡分档取料后的（ ）适宜于加工成丁、剁块，适用于炒，爆，炸，烧，煮等。,"鸡腿"
JFDQLH,鸡分裆取料后，（ ）适宜于酱、卤、煮、烧等。,"鸡爪"
JFXPD_,即反斜批的（ ），右侧角度为钝角（约130°-140°），一般来说此刀法所用的是推力，故又叫“斜推批”。,"反斜刀法"
JGBZ_Z,加工步骤：宰杀→放血→烫毛→煺毛→取出嗉嚷→取出内脏→洗涤是（ ）粗加工。,"鸡"
JGLFRS,将干料放入水中，加热煮沸，使之涨发的（ ）。该法多用于体质坚硬，厚大而常有较重腥臊气的干料。如鱼翅、海参等。,"煮发"
JGTFZT,将固体粉状调料黏附于原料的表面的（ ），使菜品带味的方法。如“粉蒸肉”。,"粘撒调味法"
JGYLYD,加工有鳞鱼的第一个工序是（ ）适用于加工骨牌鳞鱼类，如，黄鱼，草鱼等。,"刮鳞"
JGYPFZ,将光鸭平放在砧板上，用刀在背脊部自两翅间至尾部划一长口，再从腰部窝处至鸭腿裆内侧用刀划破皮，是鸭分割步骤的（ ）。,"第一步"
JGYZS_,加工鸭掌时，鸭掌放入开水中小火（ ）。,"焖煮"
JHBHZJ,几乎不含直接链淀粉，不易老化，异吸水膨张，也较易糊化，有较高的黏性所以适宜制作元宵，年糕等。,"糯米淀粉"
JJGJGD,将经过加工的各种装饰花型，围摆或镶嵌在整盘的四周或中心此技法称（ ）。,"装饰点缀花"
JJRSDW,京酱肉丝的味型是（ ）。,"咸鲜味-甜面酱汁"
JLCYLG,将冷菜原料盖面修成长方体后，再用平刀法将原料修成一头宽一头窄的形状，以便（ ）盖面时成扇形。,"扇形冷菜"
JQGGDG,家禽骨骼的骨密质非常致密，大部分大部份骨骼为（ ），使骨骼具有坚固又较轻的特点。,"含气骨"
JTFGFF,鸡腿分割方法的第2步，将股骨头露出，用尖刀将连接处的（ ）。,"结缔组织"
JTWLZG,将调味料在锅中调配好以后，淋浇到已成熟的原料上面，使菜品带味的方法的（ ），此法主要适用于脆熘或软熘的菜肴。,"烧汁调味法"
JYCXQN,具有脆性且黏滑的原料适用于（ ），如熟牛肉，猪肚，葱段等的加工。 ,"反斜刀法"
JYDBLL,借用大臂力量，将刀高扬，猛击原料的（ ）刀法。专指对大型动物头颅的开片刀法。,"砍剁"
JYDD_Y,即一刀断，一刀不断，两片相连的片形是（ ）。,"夹刀片"
JYDLZF,鸡油的炼制法一种是煎，还有一种可以（ ）。,"蒸"
JYLCLH,将原料处理后，投入中温油中加热成熟，再与配料，调料翻拌勾芡的加工方法的（ ），它的原料多选用动物性原料并需要上浆，成熟时需要勾芡。,"滑炒"
JYLDCF,将原料叠成方正的墩，再切成丝的（ ），适用于软，脆嫩性原料，如豆腐，白菜等。,"叠切式"
JYLFRL,将原料放入冷水中，通过加热升温使水沸腾的（ ），使原料最终成熟。,"冷水预熟处理法"
JYLJGK,将原料经过快速加热，翻拌均匀成熟（ ）的加工方法。炒是菜肴制作中较快的一种方法，是中国烹调中的特色方法之一。,"炒"
JYLQDR,将原料嵌刀刃，随刀杨起剁下断离的方法，一些带骨的圆而滑的原料常用此刀法，如鱼头等，对这些原料采用（ ）的刀法能提高准确性与安全性。,"跟刀剁"
JYLRFS,将原料入沸水中加热，短时间使原料成熟的（ ）加工方法。,"氽"
JYLYSL,将原料用少量油加热，至原料两面金黄而成熟（ ）的加工方法，它属于一种特殊的炸法。,"煎"
JYTHGT,将液体或固体状态的调味料黏附于原料的表面，（ ）使原料增味的调味方法。,"包裹调味法"
JYYPDW,椒盐鱼片的味型属于咸香味的（ ）。,"蘸碟味"
JZCDQZ,煎制菜的芡汁处理，原料可直接或（ ）后下锅煎制。,"拍粉托蛋液"
KLX_QB,颗粒小，且不均匀的（ ），糊化温度高，糊化黏度上升缓慢，最适合勾芡。,"玉米淀粉"
LCLPDD,冷菜冷盘的大多数以一种原料组成一盘菜肴的（ ），有时可根据需要铺以适当的点缀，增加美观。,"单一原料冷盘"
LCZPDB,冷菜装盘的步骤一般分为垫底，围边（ ）三个步骤。,"盖面"
LCZPSD,冷菜装盘时的用料做大料大用，小料小用（ ）保质保量。,"边角料充分利用"
LDYLJD,冷冻原料解冻后的品质主要在0-5℃最大冰晶生成带通过的时间，（ ）能使冷冻原料迅速通过最大冰晶生成带，并能较好地保存原料的营养和风味。,"微波解冻法"
LTWJ_Z,两头微尖，中间略宽，片体较薄，形似柳叶的（ ），从禽类胸肌或畜类里脊等肌肉上横或斜向取片，用于炒或氽。,"柳叶片"
LXDBCX,料形的边长相等，相对钝角，锐角构成，又叫“象眼块”的（ ）适用于不易变形的原料，用于冷盘的造型，如羊膏，酱牛肉等,"菱形块"
LXSYTW,料形是一头微圆而宽，一头微尖而窄的（ ），形似玉兰花，从鱼类轴上肌斜向取片，用于滑炒。如墨鱼片。,"玉兰片"
LXXSQD,连续迅速切断原料者称为（ ）的特殊刀工方法。,"跳切"
LXY_YL,料形以（ ）原料制成的菜有“松子牛肉粒”“滑炒鸽 松”等。,"粒"
LYPS_D,柳叶片是（ ）的专门刀法。,"正斜刀法"
LZLCDG,冷制冷菜的工艺流程中（ ）的操作程序是：选料→加工→调汁→泡制→装盘。,"泡"
LZLCZZ,冷制冷菜中制作（ ）程序为：将加工整理后的原料先用盐腌，再调拌其他调味品一起腌制。也可将盐与其他调料一起与原料拌和腌制。,"腌"
LZYSLC,两种以上凉菜原料组成一盘菜肴是（ ），除花色冷盘外，主要用于拼盘和花色冷盘的围碟。,"多种原料冷盘"
MDCYPT,磨刀采用平推翘拉的磨法是（ ），平推是对刀板的磨制，能保持平滑，翘磨是直接对刀刃磨制，但又损伤刀刃适用于一般切，削刀具的研磨。,"平翘结合"
MDDYJC,磨刀的用具常用的有（ ）种。,"3"
MDSDSY,磨刀时刀身与刀石保持一定的锐角角度，推拉研磨（ ），适用于磨制刀身后重的砍剁力，可以直接对刀刃进行研磨，而不磨及刀身。,"翘磨"
MLW_GW,麻辣味，怪味，家常味的味型是复合味的（ ）的味型。,"咸辣味"
MLW_GW,麻辣味，怪味，家常味属于（ ）复合味型。,"咸辣味"
PCGCZ_,配菜过程中，要根据原料的具体品种，菜肴成品的基本特征选择与其形态大小色彩（ ）的盛装器皿。,"相适宜"
PCJSSP,配菜就是使烹调原料适当（ ），成为一份可以直接食用或经过烹调后食用的菜品。,"配合"
PCXSPC,劈柴形似劈柴，由撬刀法产生又称撬刀块，是一种特殊块形仅用于（ ）的料形。,"烩冬笋"
PDFYYT,平刀法运用推片和拉片刀法的结合运用的，操作时持刀要平稳，下刀部位要准确推，拉动作要协调一致，对韧性较强，软烂易碎或块体较大的原料常用（ ）刀法。如面包等。,"锯片"
PFDGYL,拍粉的工艺流程的第三步是（ ）。，也是它的最后一道工序。,"拍粉"
PFGYLC,拍粉工艺流程的第二步是（ ）。,"拖蛋液"
PFGYLC,拍粉工艺流程的第一步是（ ）。,"前期加工"
PFTDHD,拍粉托蛋糊的工艺流程是（ ）。,"腌渍-拍粉-粘蛋液"
PSJQHD,排是将切好的原料平排式叠排（ ）置于盘中的一种拼盘手法。,"成形"
PTCDWJ,普通菜的味精在（ ）的作用下，才能显示提鲜的魅力。,"咸味"
PTWJZY,普通味精只有在（ ）的作用下，才能显示提鲜魅力。,"咸味"
PTZSCD,烹调中所称的温油锅’其油温大制为（ ）。,"60℃-100℃"
QFYYWL,切法运用腕力，刀刃离料（ ）向下割离原料。,"0.5~cm1"
QGLYP_,切割柳叶片、抹刀片的专门刀法是（ ），能相对扩大较薄原料的坡度面，增加与汤卤的接触面。,"正斜刀法"
QLEDZS,禽类鹅的宰杀方法是（ ）。,"宰杀-放血"
QLJDZS,禽类鸡的宰杀方法是（ ）。,"宰杀-放血"
QLYLLD,禽类原料冷冻的关键在于冷冻前必须使原料通体降温。冻制时将原料放人（ ）温度的冰库中速冻。10h后放入－18°C温度冰箱保存。,"（-32℃）"
QTDF_S,其它刀法（ ）是刀平刃向外，紧贴皮层，运用推力向前使皮与肉分开。,"铲"
QTDFD_,其它刀法的（ ）刀身垂直，紧压料面，作平面横向运行，适用于去除附着于原料表层的骨膜及去皮层毛根。,"刮"
QTDFD_,其它刀法的（ ）刀身横平猛击原料，使之松裂，适用于对纤维较长，较为紧密原料的加工，如姜块等。,"拍"
QTDFD_,其它刀法的（ ）是尖刀插入原料一側，旋转挖孔，用于去除虫眼和霉斑杂质。,"剜"
QTDFD_,其它刀法的（ ）是左手持料，右手持刀，悬空切去老根或皮。常用于清理加工。,"削"
QZDCZL,清蒸的操作流程是（ ）。,"选料-切配-腌渍预制-蒸制-出锅"
QZGLRS,茄汁咕噜肉是（ ）的味型。,"酸甜味-茄汁味"
QZWSYF,茄汁味属于复合味的（ ）味型。,"酸甜味"
RSPSDB,肉食品熟度标准（以牛肉为例）中心温度（ ）为全熟。,"80℃"
RSPSDB,肉食品熟度标准以牛肉为例（ ）的中心为玫瑰红色，向外带桃红色，渐变为暗灰色，外皮为棕褐 色，肉汁鲜红，中心温度60°C。,"半熟"
RSPSDB,肉食品熟度标准以牛肉为例（ ）中心为浅粉红色，外皮及边缘为棕褐色，肉汁为浅桃红色，中心温度为70°C。,"中熟"
RSPSDD,肉食品熟度的标准（以牛肉为标准），（ ）中心为浅灰褐色，外皮色暗，中心温度80°C。,"全熟"
RTBXDY,人体必须的营养物质就是（ ），人体每天都需要摄入一定量，摄入量过少影响人体的正常生长发育吗，摄入过多，易引起高血压等疾病。,"盐"
SCCJGS,蔬菜初加工时，要尽量利用可食用部分，如芹菜，因为芹菜叶的营养成份远远（ ）芹菜的茎。,"高于"
SCCJGS,蔬菜初加工时，要尽量利用可食用部分，如莴笋叶的营养成分（ ）莴笋茎。,"远远高于"
SDDQSD,丝的叠切式大多使用无骨韧性（ ）的原料居多。,"脆"
SDRCSF,水导热成熟法的（ ）的烹调方法有：炖、焖、煨。,"长时间加热"
SDRCSF,水导热成熟法的（ ）适宜的烹调方法有焅、扒、烧、煮、烩。,"中时间加热"
SJJFDR,食碱碱发的容液农度为（ ）。,"0.05"
SSWNBD,使食物内部的水分气化，加快干燥或食物膨化，因此（ ）在对食物的内部解冻，在加热，炖汤等方面有着巨大的优试。,"微波炉"
SW_SYS,所为（ ）是以时鲜疏果为原料，投入经调制好的卤汁中浸泡成菜的方法。,"泡"
SW_SZJ,所谓（ ）是指将原料的温度提高到冰结晶最大生成带的温度范围即中止解冻，此后在加工过程中再使原料达到完全解冻。,"半解冻状态"
SWCZ_Y,食物处在（ ）以上或4度以下时， 细菌的活动将被抑制，。,"33-71℃"
SWCZ_Y,食物处在（ ）以上或4°以下，细菌活动将会被抑制。,"71°-82°"
SXCDXJ,是新陈代谢加速的信号的（ ）由有机酸产生食之可增强肝脏功能，对防治某些肝脏疾病有益处，但食之过多会引起消化功能紊乱。,"酸味"
SY_FFQ,使用（ ）方法取内脏后的禽类用途广泛，是最常用的开膛方法。,"腹开"
SYKYZJ,食盐可以增加馅心茸丸的（ ）。,"拉力"
SYPDFJ,使用平刀法将原料保持在刀刃的一个固定位置，平行片进，不向左右移动的（ ），对易碎的软嫰原料采用平刀法。如豆腐，鸭血等。,"平片"
SYYQP_,适用于前批，后剁，中间切的刀是（ ），它刀柄短，惯力大，一刀多能，使用方便，省力，具有良好的性能。,"大方刀"
SYYZJQ,适宜于中间切的刀是（ ）。,"方头刀"
SYYZTS,属于一种特殊的炸法，是将原料用少量油加热，（ ）至原料两面金黄而成熟的加工方法。,"煎"
SZJYLF,是指将原料放入容器中，加用酒和调料制成的调味腌渍，使活体原料（ ）熟成菜的冷菜技法。,"醉"
TCW_SZ,糖醋味、山楂味、橙汁味、茄汁味、葡萄味属于（ ）的复合味。,"酸甜味"
TGDYLD,通过对原料的切配成形，可使菜品中的原料形态得到确定，使原料的大小形状，比例达到（ ）。,"协调一致"
TGYLZJ,通过原料之间的颜色搭配，可使其固有色相互协调，并产生（ ）的关系。,"和谐"
TLYQTF,调料与其他辅助原料加热的（ ），利用产生的烟味使原料上色并入味。,"烟熏调味法"
TP_FF_,调配（ ）方法：炒锅上火、放油烧热、倒入甜面酱，煸炒，加入汤、糖、味精，用小火略加熬制。待卤汁稍浓时离火，淋入麻油拌匀即可。,"咸鲜味—甜面酱味"
TPFF_C,调配方法：炒锅放油烧热→姜葱蒜煸香→加水，糖，盐熬制→加醋→用湿淀粉勾芡→淋入热油搅拌均匀。是（ ）味型。,"糖醋味"
TSWCYZ,甜酸味菜肴中（ ）起底味的作用，目的是保证菜品有一个基本的口味。,"盐"
WGGDRZ,我国规定肉制品中的亚硝盐的残留量不得超过（ ）%。,"0.0003"
WGNFDQ,我国南方地区使用十分普遍，特别的运用酱油作为咸味剂的菜品，经常以（ ）的形式出现，如酱爆，红烧，卤酱等。,"咸甜味"
WLJSJD,为了加速解冻过程，（ ）是将原料放在20°至25°的室内或放入温水中解冻。,"加温解冻法"
WQJDDY,完全解冻的原料应立即加工，烹饪，因为它在（ ）左右温度条件下，氧气酶和微生物的作用非常迅速，很快使肉色变深，并产生异味。,"30℃"
WXDHJY,味型的花椒盐味、胡椒盐、韭菜酱味、孜然盐味属于（ ）的复合味。,"咸香味"
WXKJXS,瓦形块即形似中国式小瓦的块形，由正斜刀法产生宽度两端形成弓形弧度，长不超过（ ）常用于熘瓦块鱼的原料加工。,"5-6cm"
XDFZRN,斜刀法在软嫰而略具韧性的原料用（ ）。如鸭脯，腰片，鱼肉等原料的加工。,"正斜刀法"
XDHDSC,洗涤后的蔬菜用（ ）发生装置制作的水漂泡10分钟左右，可使90%以上的残存化肥，农药，生物等化学物质脱离蔬菜，使蔬菜安全。,"臭氧"
XDY_JG,小丁由（ ）加工而成，又称黄豆丁常用于炒或制作馅心，如“青瓜鱼丁”“五丁虾仁”。,"细条"
XHYLZS,鲜活原料宰杀后应注意合理存放，避免降低肉质或变质，影响口味或食用。通常情况下0°—6°环境下冷藏可保存（ ）。,"48小时"
XHYLZS,鲜活原料宰杀后，应注意合理存放，避免减低肉质或变质，影响口味或食用。通常情况下，-18·-15℃环境下冷藏可保存（ ）。,"30天"
XHYLZS,鲜活原料宰杀后，应注意合理存放，避免减低肉质或变质，影响口味或食用。通常情况下，0~6℃环境下冷藏可保存（ ）。,"48小时"
XLNRFH,下列内容符合干贝涨发的选项 是（ ）。,"蒸制"
XLWXZB,下列味型最不宜于制作冻类菜肴的是（ ）。,"家常味"
XLXXZS,下列选项中属于动物性水产品的初加工方法是（ ）。,"去鳃，去内脏"
XLXXZS,下列选项中属于禽类原料在摘内脏时最常用的剖口方法是（ ）。,"腹开"
XLXXZS,下列选项中属于蒸的火候种类的是微火沸水（ ）。,"生料蒸"
XLYL_Z,下列原料（ ）焯水时最好采用冷水预热法处理。,"猪肚"
XLYLZS,下列原料焯水时最好采用冷水锅法的是（ ）。,"猪心脏"
XL_CBS,选料—初步熟处理—抹糖浆—晾干—炸制—装盘这种工艺流程属于（ ）的烹调方法。,"炸—脆炸"
XRFT_D,形如斧头，但比斧头宽薄的（ ）重约1000-2000g不等，专用于砍剁大骨。,"斧头刀"
XSPCD_,形式劈柴的（ ），由撬力法产生，又称撬刀块，是一种特殊块形，仅用于“烩冬笋”的料形，规格为4.5cm宽，厚为1.5cm。,"劈柴块"
XXLZD_,香辛料中的（ ）对鱼肉的腥味有很好的去除效果。,"姜葱蒜"
XY_CY_,细约0.3cmX0.3cm，长约4.5-5.5cm的（ ），因细如绒线，故又称之为“绒线丝”。用于炒、烩、氽等。,"粗丝"
XY_CY_,细约0.15cmx0.15cm，长约4.5cm-5.5cm，因细如火柴梗，故又称之为“火柴梗子丝”，的（ ）适用于炒，拌，汆等。,"中细丝"
XY_YX_,细约0，1cm×0，1cm以下，长约4.5-5.5cm（ ），因细如麻丝，可穿过针眼，故又称为“麻线丝”。,"中细丝"
Y_YLSJ,由（ ）原料上截下的立方体料形称为粒或末。,"细状"
Y_ZZDC,用（ ）制作的菜品色泽金黄，质感酥脆。,"全蛋糊"
YBCYDY,一般采用多余的原料，边角余料，不成形原料用来凉菜（ ）。,"铺底"
YBDZCM,一般都做成密封的装置，便于波的反射的（ ），而使食物能吸收更多的电磁波，加热十分方便。,"远红外线烤炉"
YBSYYZ,一般适用于整只制作菜品的家禽的（ ），如清炖鸡、花椒鸭等。上席后既看不见刀口，又使家禽显得丰满，较为美观。,"背开"
YBXYYZ,一般选用优质白酒或绍兴黄酒是冷菜制作（ ）用料的选择。,"醉"
YBYCD_,一般也称颠，因其操作动作较小，菜肴翻动的幅度也较小的（ ），故称为小翻。,"小翻"
YCXXD_,又称心形刀，刀前尖薄，刀后略厚，重约1000g，（ ）专用于剔骨，剁肉和剖 鱼。,"尖头刀"
YDBDYL,用刀背对原料肉面排敲，使之肉质松嫩的（ ）刀法。适用于对猪排，牛排，鸡排的加工。,"刀背排"
YDBMJ_,用刀背猛击，使粗壮之长骨折断，是其它刀法的（ ）的运用。,"敲"
YDDZLG,一定的质量构成菜肴的规格，而不同的（ ）决定了菜肴的销售价格和食用价值。,"规格"
YFDQLH,鸭分档取料后（ ）适用于加工成丁，条丝，适用于炒，熘，炸，煎等。,"鸭脯"
YFDQLH,鸭分档取料后，（ ）宜于整用或加工成丁、剁块，适用于炒炸等。,"鸭腿"
YFSJSH,油发是将适合油发的含胶原蛋白充足的原料，在油中加热使胶原蛋白（ ）膨胀的方法。,"变性"
YGZ_YJ,有规则，有节律地连续剁的方法，是制作肉茸，菜泥的专门刀法。由于这种砧剁是由左至右再由右至左的运刀，故叫（ ）法。,"排剁"
YJDDP_,又叫抖刀片，刀刃进料后做上下波浪形移动的 （ ），在烹饪过程中此刀法应用较少 ，用于菊花变蛋的批片，一些固体性较好的原料亦可采用此法。如豆腐干，黄白蛋糕等。,"波浪片"
YL_DPB,原料（ ）的配比是面粉25%，淀粉25%，鸡蛋15%，水35%。,"全蛋糊"
YL_DPB,原料（ ）的配比是盐0.8%，味精0.6%，淀粉50%，水30%，蛋清18.6%。,"水粉浆"
YLBCZD,原料保持在刀刃的一个固定位置，平行批进，不向左右移动，对易碎的软嫰原料采用平批刀法，如豆腐干。鸭血等是（ ）。,"平批"
YLCLH_,原料处理后，投入热油锅中快速加热成熟的（ ），再与配料合炒并勾芡的加工方法。,"爆炒"
YLFRLS,原料放入冷水中，通过加热升温使水沸腾的（ ）使原料最终成熟。,"冷水预热法"
YLFRSZ,原料放入水中，用大火加热至水沸，改中火加热使原料成熟（ ）的加工方法。,"煮"
YLJCZX,原料卷成柱形的（ ），再切成丝，适用于对薄而韧的大张原料加工，如百叶，蛋皮等。,"卷切式"
YLPB_J,原料配比，鸡蛋35%，淀粉55%，水8.5%，盐1%，味精0.5%是制作（ ）的原料。,"全蛋浆"
YLPB_D,原料配比；淀粉55%，水45%是（ ）的调制。,"水粉糊"
YLPB_J,原料配比；鸡蛋35%，淀粉55%，水8.5%，盐1%，味精0.5%是（ ）的调制。,"全蛋浆"
YLPB_Y,原料配比；盐0.8%，味精0.6%，淀粉50%，水30%，蛋清18.6%是（ ）的调制。,"水粉浆"
YLRFSZ,原料入沸水中快速加热，使原料短时间成熟的（ ），这种加热的主要目的是护色或保持嫩度。,"沸水预熟法"
YLSCHD,叶类蔬菜和豆类蔬菜的初加工主要是（ ）和洗涤，其中摘剔主要是摘除不能食用的部分。,"去皮，整理"
YLXYZZ,原料需要整只鸡形状的采用（ ）的刀法。,"颈开"
YSXDCF,盐水洗涤此方法适用于对（ ）季节之间上市的新鲜蔬菜的洗涤。,"夏秋季节"
YSXD_C,盐水洗涤，此方法适用于对（ ）之间上市的新鲜蔬菜的洗涤。因此季节的有虫卵或腻虫，水洗难以清除。,"夏秋季节"
YTRSY_,樱桃肉属于（ ）味型。,"咸甜味咸带甜"
YTWWZ_,以甜味为主，香味为辅的一 种（ ）型的复合味型，通常称此为"甜菜” 或“蜜汁”。,"甜香味"
YXTJGE,由细条加工而成，又称黄豆丁的成形料为（ ），常用于炒或制作馅心。如“五丁虾仁”。,"小丁"
YYCZXX,运用垂直向下切断原料不移动切料位置者称为（ ）的刀法。,"直切"
YYDKBR,运用刀口部刃口，在原料肉面进行排剁的（ ），使之骨折、筋断的刀法。,"刀口排"
YYLLQL,运用拉力切料，刀刃垂直向下、向后运行的（ ），适用于韧性原料的加工，如一般肉。拉切要求一拉到底，刀刀分清，用力稍大。,"拉切"
YYLLQL,运用拉力切料，刀刃垂直向下，向后运行，适用于韧性原料的加工刀法是（ ）刀法。,"拉切"
YYPDDF,运用排剁刀法的（ ）但又不将原料断离，使之骨折，筋断，肉质疏松的方法。,"排法"
YYTLQL,运用推力切料的（ ）法，刀刃垂直向下，向前运行，适用于薄嫰易碎的原料。如豆腐，猪肝等。,"直切"
YYTLQL,运用推力切料的方法，刀刃垂直向下，向前运行的（ ）法，适用于薄嫩易碎的原料，如鱼肉等。,"推切"
YYTLQL,运用推力切料的方法，刀刃垂直向下，向前运行适用于薄嫰易碎的原料用（ ）的切法。,"推切"
YYXDFJ,运用斜刀法加工的（ ）多用于葱，蒜等管状蔬菜。,"斜刀段"
YYXLDL,运用向里的拉力的（ ） ，片料时，原料从刀腰进刀刃向尖部移动断离，对韧性稍强的动物性原料采用此刀法。如鸭脯，猪腰，瘦肉等。,"拉片"
YYXLDL,运用向里的拉力，批料时原料从刀腰进刀刃向刀尖部移动断离，对对韧性稍强的动物性原料采用此法，如鸭脯，猪肝，瘦肉等（ ）的刀法。,"拉批"
YYXWDL,运用向外的拉力，片料时，刀刃由刀尖部进入原料，运用向往的推力，由刀尖向刀腰部移动平推断离，对脆嫩性的原料常用（ ）的方法。如生姜等。,"推片"
YYXWDT,运用向外的推力，批料时刀刃由刀尖部进入原料运用向外的推力，由刀尖向刀腰部移动平推断高对脆嫰性蔬菜常用（ ）此法，如生姜，白菜等的刀法。,"推批"
YYZDFJ,运用直刀法加工的（ ），多用于柱形蔬菜和鱼，在多数情况下，直刀段可再加工成更小料形，其刀法与块相同。,"直刀段"
YY_FSG,银鱼，粉丝干菜笋等都是（ ）即仅经过一次性热水涨发过程就可以达到要求的发料方法。,"一次性发料"
YY_XGH,银鱼，香菇和粉丝等是属于（ ）。,"泡发"
YZBJCY,一种比较常用的传统冷菜装盘形式的（ ），冷菜入盘中，形成中间高，两头低，好像一座古式的拱形石桥，故得名。,"桥梁式冷菜"
ZDFDQY,直刀法的切运用推切，拉切的结合刀法的（ ）适用于酥烂易碎原料。如羊膏，脊肉等。,"锯切"
ZGZCJ_,中国最常见，最基本的味型之一的（ ），适用区域和选料都十分广泛，不受季节，地区，年龄的限制。,"咸鲜味"
ZJSYDY,在江苏一带有“小糖醋”之称的（ ），在调配时糖，醋的用量比例比酸甜味轻一些，盐的用量则要重一些。,"荔枝味"
ZLCPYB,这类菜品一般采用混合料一次定味，将所有调料与淀粉一起调和均匀，在（ ）类菜的原料划油后，倒人锅中与原料一起翻拌，使卤汁包裹在原料表面。,"爆，炒"
ZLXJHY,主料先进行油炸或焯水，滑油等预热加工，再放入锅中并加入葱姜蒜等香辛原料，最后加入酱油，盐，汤烧制入味是（ ）的调配方法，用于爆炒类菜品的调味。,"咸鲜味-红汁类"
ZLZZCY,主料指在菜肴中作为主要成分，占主导地位，起突出作用的原料。它所占的比重较大通常为（ ）以上，其作用是能反映该菜的主要营养与主体风味指标。,"0.6"
ZPRZDY,在烹饪中的应用相当广泛，即可作为炒菜，滑溜菜，炸留菜以及冷菜卤汁的（ ）味型，也可作煎炸菜，烧烤菜的佐味调料。,"甜酸味"
ZRHMJD,自然缓慢解冻法是将原料放在（ ）的条件下缓慢解冻。,"0—3℃"
ZSZZYC,左手抓住一侧鸭腿，反关节用力，用刀在腰窝处划断筋膜，在用刀在坐骨处割划筋膜，用力即可撕下鸭腿。是鸭分割取料的（ ）。,"第一步"
ZTPSYH,在调配时要合理掌握（ ）与味精的配比关系，一般谷氨 酸钠的添加量与它的添加量成反比。,"盐"
ZXDFJZ,正斜刀法即正斜批，右側角度为锐角（ ）度。,"40~50"
ZYSYYD,主要适用于动物性原料中的鲜活水产品冷菜冷制的方法用（ ）。这种炝制法称之为“活炝”。,"酒及香辛料炝制"
ZYYTG_,专用于剔骨，剁肉和剖鱼的刀是（ ）。,"尖头刀"
ZYYYZZ,主要用于整只烤制家禽的开膛，用（ ）的方法取内脏，家禽在烤制时就不会漏油水，腹部不收缩变形，成品完整。,"肋开"
ZYZPLD,在有主铺料的情况下，主料与配料的（ ）比，最好不要低于2；1.,"重量"
ZZ_CXW,制作（ ）程序为：选料→切配→喂味→拍粉或挂糊→炸制→炒制调味→装盘。,"焦炒海鳗丝"
ZZ_ZSZ,制作（ ）中酥炸的操作程序是：选料→预熟处理→切配挂糊→炸制→装盘。,"琵琶大虾"
ZZCFDD,制作澄粉的淀粉是（ ）为原料。,"小麦淀粉"
ZZFDHX,在煮发的后续过程，当干料煮到一定程度时，需要改用小火，微火，或将锅端离火源，盖紧盖子使温度慢慢下降的（ ）过程，让原料从外到里全部发透。,"焖发"
_CPJ_D,“脆皮鸡”的烹调方法属于炸的（ ）的制作工艺。,"炸-脆炸"
_DPR_C,“东坡肉”菜肴是典型的（ ）的菜例。,"咸甜味"
_FZR_F,“粉蒸肉””粉蒸鸡“是属于（ ）制作而成的。,"生料粘撒法"
_SZNR_,“水煮牛肉”的烹调方法是采用了（ ）的方法制作。,"煮"
_XTLBT,“香甜萝卜条”属于（ ）的腌制法。,"糖腌法"
_YTR_S,“樱桃肉”属于（ ）味型。,"咸甜味-甜中带咸"
