_BNYLZ,（ ）不能用来做研具材料。,"高碳钢"
_BSDKK,（ ）扳手的开口尺寸可以在一定范围内自由调节，用于拆装不规则的带有棱角的螺母或螺栓。,"活动"
_BSLWK,（ ）不是螺纹孔的修理方法。,"更换法"
_BSNXS,（ ）扳手能显示转矩的大小。,"扭力"
_BSSYY,（ ）扳手适用于拆装位置狭小、特别隐蔽的螺母或螺栓。,"开口"
_DLTZG,（ ）的轮胎在干燥路面能获得最大驱动力。,"横向花纹"
_DLTZJ,（ ）的轮胎在积水路面，水排不出去，就产生水质，引起打滑，造成危险，只在赛车上使用。,"无花纹"
_DLTZP,（ ）的轮胎在普通汽车上无法使用，只在赛车上使用。,"无花纹"
_DZYSK,（ ）的作用是控制点火线圈一次侧电路的通断，配合点火线圈完成升压任务,"断电器"
_JJSWF,（ ）将金属物放在蓄电池壳体上。,"禁止"
_JYLHD,（ ）具有良好的机械安定性、胶体安定性、防锈性、氧化安定性和抗水性，适用在30～120"C温度范围内使用。,"通用锂基润滑脂"
_JYYDY,（ ）将油液的压力转换为机械能带动负载运动。,"液压缸"
_NSXC_,（ ）耐水性差，但耐热性强。,"钠基润滑脂"
_NSXQ_,（ ）耐水性强，但耐热性差。,"钙基润滑脂"
_RSSJG,（ ）燃烧室结构紧凑，热损失少，热效率较高,"统一式"
_SQDHT,（ ）是确定合同双方当事人权力义务关系的根本依据，也是判断合同是否有效的客观依据,"合同的内容"
_SYLDK,（ ）是用来打开或封闭气道的,"气门"
_SYYRS,（ ）属于压燃式发动机,"柴油机"
_SZCYD,（ ）是最常用的表面粗糙度的评定参数。,"轮廓算术平均偏差RA"
_SZJLJ,（ ）是指将零件按其实际尺寸大小分成若干组，然后按组进行装配。,"不完全互换"
_YGGDJ,（ ）有更高的极压抗磨性和更好的高温低温性能。,"极压复合锂基润滑脂"
_YLGBL,（ ）用来改变冷却水的循环路线及流量，自动调节冷却水温度,"节温器"
_ZDQKY,（ ）制动器可以在行车制动装置失效后应急制动,"驻车"
_ZDYSM,（ ）制动液是目前广泛应用的主要品种。,"合成型"
_ZDZZT,（ ）制动装置通常由驾驶员用手操纵,"驻车制动"
AGZJSD,ABS故障警示灯在打开点火开关或发动后（ ）表示系统正常。,"先亮后灭"
CLZJY_,CC、CD两种机油（ ）。,"使用CD机油的发动机工作条件更差一些"
EXFDJQ,EQ61100-1．型发动机汽缸有（ ）级修理尺寸。,"6"
EXQCBS,EQ1092型汽车变速器中的同步器型式为（ ）结构。,"自动增力式"
HDDDLS,HID大灯点亮时会产生（ ）伏电压。,"几万"
MBS_,M20表示（ ）。,"普通粗螺纹"
TSY_,T8A属于（ ）。,"碳素工具钢"
TXYDST,T8014型移动式镗缸机的最大镗孔直径是（ ）。,"Φ66～Φ140"
UBLKYG,UV玻璃可以过滤（ ）。,"紫外线"
XJMQCM,X431 解码器触摸屏有灰尘时，用（ ）清洁。,"麂皮"
ZSYYZZ,ZL108适用于制作（ ）。,"活塞"
_DKFDJ, 电控发动机的燃油压力低会引起发动机不能起动或运转不良故障，这故障可能是由于（ ），压力调节器或从油箱到燃油滤清器连接的任何地方有阻力所引起。,"脉动阻尼器故障"
_LYZMH, 利用字母和（ ）可对设备、部件或电路图中的线路符号作标注 。,"数码"
_YBQCZ, 一般汽车正常行驶时（ ）排放量最多，（ ）排放量最少。,"NoxCO"
_ZDYLT, 制动压力调节器是ABS中的主要执行器， 根据调压方式的不同， 制动压力调节器可分为（ ）和变容式两种。,"电子式"
_F_LJY,"非“逻辑运算时， O= （ ）。,"1"
_HQCYS,-10号轻柴油适合于最低气温在（ ）℃以上的地区使用。,"-5"
_KYYZZ,16Mn可用于制作（ ）。,"汽车车架"
_KYYZZ,40MnB可用于制作汽车（ ）。,"变速箱二轴"
_SYZTZ,40Cr是一种调质钢，用于制作水泵轴，为获得良好的综合机械性能，它的最终热处理方法是（ ）。,"淬火+高温回火"
AZEXQC,安装EQ1092型汽车转向桥下耳时，其轴承的开口应（ ）。,"向任何方向"
AZGDGD,按照GB7631.7-1995的规定，齿轮油分为普通汽车齿轮油、中负荷汽车齿轮油和（ ）3个品种,"重负荷汽车齿轮油"
AZDNZC,按制动能最传输方式，制动系可分为（ ）。,"机械式"
AZDSMD,安装怠速马达的车辆在怠速时，节气门处于（ ）状态。,"关闭"
AZSHST,安装上海桑塔纳JV发动机活塞环时，其第二道压缩环上的“TOP”标记应（ ）。,"背向活塞顶部"
BEJZS_,把二进制数 1001 转换为十进制数为（ ）。,"7"
BFBBPK,百分表表盘刻度为100格，长针转动一格为（ ）mm。,"0.01"
BFBBPK,百分表表盘刻度为100格，短针转动一圈为（ ）mm。,"1"
BFBCZZ,百分表长针转动一圈，短针则转（ ）格。,"一"
BFBDDZ,百分表的大指针每走一格为（ ）。,"0.01"
BFBDGG,百分表的规格"0~10mm"表示（ ）。,"测量范围"
BHJDKZ,闭合角的控制包括通过电流的控制和（ ）。,"一次电压控制"
BKXSJJ,别克新世纪轿车水温为（ ）℃时其冷却风扇应低速运行。,"106"
BMCCDY,表面粗糙度一般是因（ ）形成的,"加工"
BSGDSZ,办事公道是指从业人员在进行职业活动时要做到（ ）,"追求真理，坚持原则"
BSQDCZ,变速器的操纵机构中安装了倒挡锁装置、自锁装置和（ ）。,"互锁装置"
BSQGDH,变速器挂档后不能脱回空档，应拆下（ ），检查操纵杆下端弧形工作面和拨叉导块凹槽磨损是否过大。,"变速器操纵杆"
BSQQHB,变速器前后壁变形将导致其与轴承孔轴线（ ）的变化。,"垂直度"
BSQYKB,表示汽油抗爆性的指标是（ ）。,"辛烷值"
BSQYZF,表示汽油蒸发性的指标是（ ）。,"馏程和饱和蒸气压"
BSYPSZ,不属于盘式制动器的优点是（ ）。,"制动力较为稳定"
BTQYFD,不同汽油发动机的有效功率，随（ ）增加而增加。,"发动机功率"
BZDDTY,不装订的图样（ ）画出边框,"必须"
CCXYY_,尺寸线应用（ ）绘制。,"细实线"
CDACWD,锉刀按齿纹的粗细不同又可分为粗锉、中锉、细锉和（ ）等。,"油光锉"
CDHKDW,长度和宽度为210B297 的图纸是（ ）纸,"A4"
CDHKDW,长度和宽度为210×297的图纸是（ ）纸,"A4"
CHSWL_,淬火是为了（ ）。,"提高硬度"
CJDTDZ,常见的通断装置是指开关和（ ）。,"继电器"
CLCTSZ,齿轮齿条式转向器的（ ）。,"正、逆效率都高"
CLQGDY,测量气缸的圆柱度、圆度误差时，首先要确定气缸的（ ），才能校对量缸表。,"标准尺寸"
CLQGZJ,测量气缸直径，可将量缸表放入气缸上部，若表针能转动（ ）圈左右，表示调整合适。,"一"
CLS_BF,测量时，百分表的指针应（ ）。,"与测量表面垂直"
CLWCYX,测量误差越小，测量结果越接近真值，则测量精度（ ）。,"越高"
CQCSCX,从汽车上拆卸蓄电池时，应先拆（ ）。,"搭铁电缆"
CSBLYB,彩色玻璃一般用于（ ）。,"风窗玻璃"
CXLSYG,拆卸螺栓应该使用（ ）。,"套筒扳手"
CXSGJC,拆卸水管夹雏可以使用（ ）。,"鲤鱼钳"
CXSGJK,拆卸水管夹可以使用（ ）。,"鲤鱼钳"
CXS_ZJ,锉削时，（ ）在加工表面处加少许机油以便冷却和润滑。,"不可"
CXS_TS,锉削时，推送锉刀要平稳，向前推时下压，左手压力（ ），右手压力由小变大，向后拉时不加压。,"不变"
CY_S_C,采用（ ）时，车桥都是断开式的,"独立悬架"
CYDPFS,常用的剖分式轴承被称为轴瓦，一般在轴瓦内表面铸一层（ ）材料。,"减磨"
CYDTHJ,采用低碳合金钢20CrMnTi制作的汽车传动齿轮，要求表面有高的硬度和耐磨性，心部具有良好的韧性，其最终热处理应采用（ ）。,"渗碳+淬火+低温回火"
CYDTHQ,常用的台虎钳有（ ）和固定式两种。,"回转式"
CYFDJD,柴油发动机的（ ）开始压油到上止点为止的曲轴转角称为喷油提前角,"喷油泵"
CYFDJD,柴油发动机的混合气是在（ ）内形成的。,"燃烧室"
CYJRLG,柴油机燃料供给装置由柴油箱，输油泵，低、高压油路，喷油泵、（ ）、回油管等组成,"喷油器"
CYJYSY,柴油机油使用级的选择，主要根据柴油机的（ ）。,"强化程度"
CYSJGD,采用三角刮刀进行曲面刮削时，三角刮刀应在曲面内做（ ）。,"螺旋运动"
DCKGJQ,电磁开关将汽车起动机主电路接通后，活动铁心（ ）线圈产生的电磁力保持在吸合位置上。,"吸拉和保持"
DCXLHQ,当出现离合器发抖时，拆下离合器底盖，检查分离杆（ ）高低是否一致，如不一致，应予以调整。,"内端"
DCYJKZ,当采用基孔制时，其基本偏差是（ ）,"下偏差"
DFDJGZ,当发动机工作稳定后，电磁喷油器的喷油量主要决定于（ ）。,"工作温度"
DHKZXT,点火控制系统中的基本点火提前角是 ECU 根据（ ）信号和进气歧管压力信号（或进气量信号）决定的。,"发动机转速"
DHTQJT,点火提前角调整不当可能是（ ）的故障原因。,"发动机怠速不良"
DHYCZO,点火钥匙在ON挡，打开风窗玻璃清洗液开关，没有液体喷出，可能的原因是（ ）。,"其他选项都有可能"
DJCDGZ,当检测到故障时，自诊断系统完成以下基本工作，以指示灯向驾驶员发出故障信号，起动带故障运行控制功能，并（ ）。,"储存故障信息"
DJYYLJ,当机油压力警示灯点亮时，发动机（ ）。,"应立即停止工作，检查故障原因"
DKDHKG,打开点火开关并启动发动机，发动机故障警示灯（ ）。,"应先亮后灭"
DKFDJG,电控发动机根据（ ），设置喷油量。,"固定油量"
DKFDJZ,电控发动机转速传感器安装在（ ）。,"曲轴后"
DKRYPS,电控燃油喷射系统按其功用来分，主要由进气系统（ ）和电子控制系统三部分组成。,"燃油供给系统"
DLQSWD,当冷却水温度达到（ ）℃时， 步进电动机式怠速控制执行机构的暖机控制结束，怠速控制阀达到正常怠速开度。,"90"
DLQSWG,当冷却水温高于（ ）℃时，节温器主阀门全开，副阀门全关，冷却水在全部流经散热器进行水的大循环，使发动机保持正常工作温度,"86"
DLSZDG,电流所做的功，与加在负荷两端的电压成正比，与通过负载的电流成（ ）。,"正比"
DLXJCQ,独立悬架车桥都做成断开式的，每边车轮均用（ ）单独地连接在车架下面。,"螺旋弹簧"
DPFDJD,电喷发动机怠速一般是不能用人工方法调整的，非调整不可时，可借助于（ ）,"电脑诊断仪"
DQMZLG,对全面质量管理方法的特点描述恰当的是（ ）,"多样性"
DQR_GZ,当确认（ ）故障时，计算机根据故障的严重程度采取相应的安全措施。,"执行器"
DQSBEJ,电器设备二级维护作业内容包括清洁起动机换向器，清洗检查轴承，填充（ ）。,"润滑脂"
DSJXZW,对涉及旋转物体的工作，要（ ）。,"以上选项都正确"
DXDLHQ,大修的离合器应在装车前与（ ）一起进行平衡,"曲轴飞轮组"
DY_YXD,对于10 pF 以下的小电容器，当用万用表RB10K 档来测量时，其阻值应为（ ）,"无穷大"
DYCCCG,对于存储超过2年的干式荷电铅蓄电池，使用前应先（ ）。,"补充电解液"
DYLGFD,对于六缸发动机，用逐缸调整法调整气门间隙时，应将曲轴摇到第1 缸活塞（ ）上止点位置，同时注意标记,"压缩行程"
DYSPFZ,对于水平放置的三轴式变速器，当位于五档位置时，将第二轴四、五档接合套向前移动与第一轴主动齿轮的接合齿圈啮合，动力不经过（ ）的齿轮传动，故称为直接档,"中间轴"
DYYYQJ,对于油压千斤顶重物应置于（ ）,"大液压缸上"
DZDHKZ,电子点火控制装置最核心的部件是（ ）。,"点火线圈"
DZDHXT,电子点火系统主要由传感器、EU、点火模块、（ ）、火花塞等组成。,"三极管"
DZDLBZ,当制动力不足时，可连续踏下踏板，使总泵的油液更多地流入（ ），增加系统内油液的压强，从而提高制动力,"分泵"
DZKZZD,电子控制自动变速器的控制功能主要有（ ），为了改善换挡质量，电控系统还有其他控制功能，如发动机转矩控制等。,"换挡正时控制"
DZTJQD,电子调节器都是根据发电机端电压的变化，使（ ）及时地导通或截止，进一步控制大功率三极管饱和和截止，使发电机端电压不变,"稳压管"
FCBLSD,风窗玻璃上的彩色区域，一般不超过总面积的（ ）。,"0.2"
FDJBFD,发电机不发电故障的现象为发动机高于怠速运转时，（ ）指示放电的指示灯亮。,"电流表"
FDJCS_,发电机产生（ ）相交流电。,"三"
FDJDKR,发动机电控燃油喷射系统具有（ ）,"良好的燃油经济性"
FDJDRX,发动机的热效率只能（ ）100%。,"小于"
FDJDZR,发电机定子绕组有一相连接不良或断开将会导致（ ）。,"充电电流过大"
FDJFSX,发动机发生下列（ ）现象，可能是混合气过稀的故障现象,"发动机无法起动"
FDJGTC,发动机缸套产生穴蚀的主要原因是：缸套与（ ）接触在高频振动下形成的。,"水"
FDJG_C,发动机盖、车门采用（ ）。,"冷轧板"
FDJHSH,发动机活塞环开口间隙过小，会导致活塞环（ ）。,"折断"
FDJPQJ,发动机配气机构可分为气门组和气门传动组，下列零件中（ ）不属于气门组。,"气门挺柱"
FDJQGT,发动机气缸体、气缸盖在修理时，在（ ）MPa 的水压下做 5 min 水压试验，不得渗漏。,"0.3-0.4"
FDJSPM,发动机上平面翘曲后，应采用（ ）修理。,"磨削"
FDJXNZ,发动机性能指标随调整情况和使用工况而变化的关系称为（ ）。,"发动机特性"
FDJYJW,发动机一级维护作业的内容主要有更换发动机机油和（ ）、补充冷却液、维护或更换空气滤清器滤芯、清洁火花塞、维护燃料系统、维护点火系统等,"机油滤清器"
FDQDDC,分电器断电触点间隙过大是（ ）的故障原因之一。,"发动机点火过早"
FT_XZD,丰田 A43DE 型自动变速器 ，以D挡高速行驶时， 如把加速踏板急踩到底， 会从（ ）。,"一挡到二挡"
FZSYPM,浮子室油平面调整不当或三角针阀密封不严，会导致（ ）。,"混合气过浓"
GBTLKS,攻不通螺孔时，由于丝锥不能切到底，所以钻孔深度要（ ）螺纹长度。,"大于"
GCTLST,国产T716立式镗床最大镗孔长度为（ ）mm。,"150"
GCCTDG,构成车体的钢板要求（ ）。,"比上选项都正确"
GDDMXY,刮刀的磨削应该使用（ ）。,"油石"
GDZCXH,滚动轴承型号中的尺寸系列代号的作用是区别内径相同而（ ）的轴承。,"宽度不同"
GHBLBN,钢化玻璃不能用于（ ）。,"风窗玻璃"
GHFDJJ,更换发动机机油后，应（ ）,"起动发动机，怠速运转数分钟，停机30min 后，用油标尺检查油面是否在2/4～4／4 之间，不足时应补加。最后盖好加机油口盖"
GHFDJL,更换发动机冷却液时间要求是长效防锈防冻液每（ ）更换一次,"两年"
GHFDJR,更换发动机润滑油技术要求是润滑油量应位于油标尺（ ）,"上刻线与下刻线之间"
GHJZQS,更换减振器时，柱塞杆应用（ ）阻止活塞杆转动，松开带槽螺母,"内六角扳手"
GHQCLH,更换汽车离合器新摩擦片，各片厚度差不得超过（ ）mm。,"0.1"
GHWXCD,更换万向传动装置时，油嘴的安装方向应便于加注润滑脂。因此，油嘴必须朝向（ ）一方,"传动轴"
GJBZGD,国家标准规定，在每一个基本尺寸段内，都有（ ）个公差等级的标准公差。,"20"
GJZDYD,根据制动液的组成和特性，一般分为5 种类型，其中（ ）和脂型统称为合成型,"醇醚型"
GLWQBX,攻螺纹前必须先钻底孔，钻孔孔径应（ ）螺纹的内径。,"小于"
GPGBDH,各片钢板弹簧的中心螺栓孔应对正，且每片的横向位移不得超过主片的（ ）mm,"2.5"
GSHDQX,干式荷电铅蓄电池正极板上的活性物质是（ ）。,"二氧化铁"
GSZDQB,鼓式制动器不包括（ ）。,"浮动钳盘式"
GWFDJR,国外发动机润滑油的分类法是（ ）。,"API性能分类和SAE粘度分类"
GYCXDL,关于创新的论述，正确的是（ ）,"创新是企业进步的灵魂"
GYDLCS,感应电流产生的条件是（ ）。,"电路是闭合回路"
GYMHQD,关于灭火器的使用正确的是（ ）,"灭火器要专物专用，定期保养"
GYQCXL,关于汽车修理工艺过程进厂验收的目的，下列说法不正确的是（ ）。,"确定汽车零件清洗方法"
GYXZDD,高压线中的电阻导体为（ ）材料。,"铜线"
GZZYLX,钢在作用力下会伸长，在（ ）范围内，随着力的消退会恢复原样。,"弹性极限"
HHSDZW,火花塞的自我净化温度大约在（ ）℃。,"35"
HHSWL_,回火是为了（ ）。,"增加韧性"
HJJGGP,合金结构钢牌号中的前两位数字用来表示钢中含碳量是（ ）,"万分之几"
HYQZLK,化油器主量孔、主油道堵塞不畅会导致（ ）。,"混合气过浓"
JCDKZD,检测电控自动变速器时，为确定故障存在的部位，区分故障是机械系统、液压控制系统还是电子控制系统引起的，应当进行（ ）。,"基础检查"
JCJGCS,检查紧固差速器壳固定螺栓时，螺栓的（ ）必须齐全，并且锁止有效,"锁止装置"
JCQGYL,检查气缸压力时，需将（ ）火花塞拆除。,"全部"
JCSPHJ,就车式平衡机按（ ）原理工作。,"静平衡"
JCXLDQ,进厂修理的汽车，通过查阅汽车技术档案，听取驾驶员反映，确定汽车（ ）检视和路试内容。,"外部"
JDJBPY,决定基本喷油量的传感器是（ ）。,"进气压力传感器"
JFDJTL,将发动机凸轮轴支于V型架上，应用（ ）检测凸轮轴的弯曲程度。,"百分表"
JGCGS_,锯割槽钢时，应从（ ）面来锯。,"三"
JGSYLZ,锯弓是用来装夹锯条的，它有固定式和（ ）两种。,"可调式"
JGS_SJ,锯割时，手锯在前行中（ ）压力。,"应加"
JGYZCL,锯割硬质材料和薄壁材料时，选用（ ）齿锯条。,"细"
JHCXJD,进行挫削加丁时必须戴的防护用品是（ ）。,"防护镜"
JHCXJG,进行挫削加工时可以不戴的防护用品是（ ）。,"护膝"
JLFSY_,节流阀属于（ ）。,"流量阀"
JQCBZB,将汽车标准半轴安装在经修整过的轮毂上，然后在桥壳中部检视两半轴轴心未对正，则说明桥壳（ ）。,"弯曲变形"
JQKZXT,进气控制系统主要有进气谐振增压控制、配气定时控制、增压控制、（ ）。,"进气涡流控制"
JSKYSY,甲说可以使用尖嘴钳拧松螺栓。乙说使用尖嘴钳时不允许使用过大力矩，以防止钳口变形。甲、乙二人的说法中（ ）。,"乙对"
JSRHHD,金属熔化后的流动性和冷凝时的收缩性称为（ ）。,"可铸性"
JSZYLW,技师专业论文所反映的必须是技师所在的本职业（工种）范围内的各种技术或业务问题。就技师专业论文的表达方式而言，一般采用（ ）。,"抒情散文的表达方式"
JSZYLW,技师专业论文引言的撰写，力求突出重点，言简意骸，主要是将背景情况、论述思路等说清楚即可，（ ）。,"论文读者应该了解专业的有关背景，不明白的自己去查资料"
JSZYLW,技师专业论文，关键在于创新。这里强调的创新是指（ ）。,"必须是重大的发明创造"
JXGJSY,锯削钢件时应使用（ ）冷却。,"冷却液"
JXJJJD,假想将机件的倾斜部分旋转到与某一选定的基本投影面平行后，再向该投影面投影所得到的视图称为（ ）。,"旋转视图"
JXWCH_,铰削完成后，应按（ ）旋出铰刀。,"顺时针方向"
JYDNDS,机油的粘度随温度变化而变化的性能称（ ）。,"粘温特性"
JYMYYL,机油没有压力时，机油压力开关在弹簧力的作用下（ ），报警灯亮。,"接通触点，导通开关"
JYPHZ_,机油牌号中，其数字后面带的“W”字母表示（ ）,"低温系列"
JYPHZ_,机油牌号中，在数字后面带“W”字母的表示（ ）。,"低温系列"
JYPHZ_,机油牌号中，在数字后面带“W”字母的，（ ），数字代表黏度等级,"表示低温系列，W 表示冬用"
JZQNHS,减振器内活塞杆磨损后的圆度、圆柱度误差超过（ ）mm 时，应予以更换,"0.1"
KDSPCS,孔的上偏差是（ ）。,"ES"
KY_LTD,可用（ ）来替代45#钢制作发动机曲轴。,"QT600-3"
LCCLZL,两侧车轮阻力不同时，差速器行星齿轮（ ）。,"公转同时还自转"
LCQDH_,冷车启动后，冷却液通过（ ）以加快升温。,"小循环"
LHDJWQ,良好的节温器阀门全开时，要求阀门的升起高度应不小于（ ）mm,"9"
LHJKFW,铝合金可分为（ ）和铸造铝合金两类。,"形变铝合金"
LHQDGY,离合器的功用不包括（ ）,"承担整车的大部分载重"
LHQDGY,离合器的功用是传递转矩，保证平稳起步，（ ），防止传动系过载。,"降速增扭"
LHQTBZ,离合器踏板自由行程是踏板在完全放松时所测的高度和分离轴承端面与分离杠杆内端面刚刚接触时所测的高度的（ ）,"差值"
LJCHHZ,零件淬火后再进行高温回火处理的方法称为（ ）处理。,"调质"
LJDFST,零件的俯视图反映了零件的（ ）。,"长度和宽度"
LJDZST,零件的主视图反映了零件的（ ）。,"长度和高度"
LJPLSC,零件疲劳是长时间工作在（ ）条件下产生的。,"交变载荷"
LQXCLN,冷却系除了能满足发动机在最大热负荷情况下的冷却外，还能（ ）。,"参与发动机功能转换"
LQYSY_,冷却液是由（ ）、防冻剂、添加剂三部分组成,"水"
LTHWDF,轮胎换位的方法常用的有（ ）法和“交叉换位”法,"“循环换位”"
LTSDDJ,轮胎速度等级字母代号H表示不能超过（ ）km/h。,"180"
LTYDDQ,轮胎应当定期做动平衡检查，用（ ）检查,"动平衡检测仪"
LWXLYS,螺纹相邻牙上对应点的轴向距离称为（ ）。,"螺距"
LYQFCC,利用千分尺测量读数时，如果微分筒锥面边缘的前面露出主尺纵线下边的刻线，则小数部分（ ）0.5m。,"大于"
LYS_JS,炼油时，将石油加热到（ ）℃。,"350"
LZ_JCD,凌志 LS 400 轿车的 2 号高度控制阀用于控制（ ）。,"后悬架左右空气弹簧的充气和排气"
MGCYAQ,美国车用安全气囊容积一般为（ ）L。,"60"
MQQCDK,目前汽车电控系统中广泛应用的进气歧管压力传感器是（ ）,"电容式"
MWHXDC,免维护蓄电池，也称MF蓄电池，在使用过程中不需（ ）。,"维护"
MYMBFZ,每研磨半分钟左右，应把工件转动（ ），再继续研磨，以免发生倾斜现象。,"90°"
MYNTDL,没有内胎的轮胎称为（ ）轮胎。,"无内胎"
NJBFBZ,内径百分表在汽车修理中主要用来测量发动机气缸的（ ）。,"圆度和圆柱度"
NLDCDT,钠硫电池的特点之一是（ ）。,"工作温度低"
NSXDJG,暖水箱的结构形式一般有管翅式，（ ）。,"管带式"
PFYYZD,排放液压制动管路内的空气方法是：排气时应一边排除空气，一边检查和补充制动液，以免空气重新进入制动管路，直到管内（ ）为止，将储液罐的制动液补充到规定位置,"没有气泡排出"
PLSZJS,疲劳是指金属零件长期在（ ）作用下工作，突然发生断裂的现象。,"交变载荷"
PMCXZC,平面锉削最常采用的锉削方法是（ ）,"顺锉法"
PQJGDZ,配气机构的作用是按照（ ）和每一缸工作循环的要求，定时地将各缸进气门与排气门打开、关闭，以便发动机进行换气过程。,"曲轴转角"
PQQGDW,排气歧管的温度可达（ ）摄氏度。,"几百"
PTHTY_,普通黄铜有（ ）。,"H68"
PTHTZ_,普通黄铜中，含锌量为30%～32%时，（ ）最好。,"塑性"
PTKQSD,旁通空气式怠速控制是通过调节（ ）来控制空气流量的。,"旁通气道的空气通路面积"
PTTSJG,普通碳素结构钢规定牌号有Ql95、Q215、Q235和（ ）4种。,"Q275"
PYQJCD,喷油器就车断油检查方法是：拔下某缸喷油器线束插头，发动机转速应立即下降，这表明该喷油器（ ）,"工作正常"
PZW_DS,排最为1680mL的四缸发动机，其燃烧室容积为60mL，则压缩比等于（ ）。,"8"
QBLGJG,曲柄连杆机构的（ ）由活塞、活塞环、活塞销、连杆等机件组成,"活塞连杆组"
QBLGJG,曲柄连杆机构由（ ）三大部分组成。,"机体、活塞连杆、曲轴飞轮"
QBLGJG,曲柄连杆机构由机体组、活塞连杆组、（ ）三部分组成,"曲轴飞轮组"
QBLGJG,曲柄连杆机构在作功行程承受燃烧气体产生的膨胀压力，通过连杆使活塞的（ ）变为曲轴的旋转运动，向外输出动力,"直线运动"
QC_YDY,汽车（ ）由低压电路和高压电路组成。,"起动系"
QCCYRH,汽车常用润滑脂的品种有钙基润滑脂、（ ）、锂基润滑脂、极压复合锂基润滑脂和石墨钙基润滑脂等,"钠基润滑脂"
QCCYWL,汽车采用网络技术的根本目的一是（ ），二是实现快速通信。,"线束"
QCDPSX,汽车的平顺性是指在汽车行驶的过程中，乘员所处的（ ）具有一定的舒适度的性能。,"振动环境"
QCDPZJ,汽车底盘在加注润滑脂时，应使用油脂加注器对准油嘴（ ）加入润滑脂，直至所加注部位挤出新润滑脂,"逐个"
QCDSQL,汽车的输气连接橡胶管可承受（ ）kPA的工作压力。,"784"
QCDXJG,汽车大修竣工后进行道路验收时，应在干燥路面上进行，车速不超过（ ）km/ h。,"25"
QCDXJG,汽车大修竣工后，发动机起动时间应小于（ ）s。,"5"
QCDXJG,汽车大修竣工后，空载行驶初速度为30km/h时，滑行距离应不少于（ ）m。,"220"
QCDXJG,汽车大修竣工外观检视不包括（ ）。,"转向性能"
QCFDJD,汽车发电机的（ ）是用来产生三相交流电的。,"定子总成"
QCFDJG,汽车发电机过载时，（ ）协助发电机向用电设备供电。,"蓄电池"
QCFDJR,汽车发动机润滑油工作情况检查装置有（ ）、机油温度表、机油标尺和油压过低警告灯等,"机油压力表"
QCHQKL,汽车后桥壳裂纹的检查方法一般用（ ）。,"敲击法"
QCHSXY,汽车行驶系由车架、车桥、（ ）和悬架等组成,"车轮"
QCHSYY,汽车行使有异响，而空档滑行时异响减轻或消失，说明（ ）。,"半轴齿轮花键与半轴花键配合松旷"
QCLBDH,汽车类别代号6表示（ ）。,"客车"
QCLTD_,汽车轮胎的（ ）、速度等级及负荷等级均标记在胎侧。,"尺寸规格"
QCSSDB,汽车上手动变速器的（ ）两端油堵密封不良，会出现漏油故障。,"变速叉轴"
QCTYCZ,汽车同一车轴上应装用同一生产厂商，同一规格、结构、（ ）和磨损程度一致的轮胎。,"直径、高宽比"
QCWHSZ,汽车维护是指为维持汽车完好技术状况或（ ）而进行的作业，应贯彻“预防为主、强制维护”的原则,"工作能力"
QCYJWH,汽车一级维护工艺过程是进厂、（ ）、竣工检验、出厂等,"作业"
QCYYDL,汽车液压动力转向系统的原始动力来自（ ）,"发动机"
QCY_EJ,汽车一、二级维护作业是依据（ ）的有关规定。,"汽车维修企业"
QCZCGZ,汽车轴承滚子（ ）是由于表面疲劳磨损造成的。,"麻点"
QCZDXZ,汽车制动系中真空助力器的助力源是大气与（ ）。,"压缩空气"
QCZLLJ,汽车轴类零件发生疲劳，严重时会使零件（ ）。,"断裂"
QCZSCS,汽车装上差速器后，转弯时可以使内侧车轮转速降低，外侧车轮转速（ ）。,"增高"
QCZSPS,汽车在上坡时，如果出现汽车动力不足则说明离合器（ ）,"打滑"
QCZXHS,汽车直线行驶时，（ ）有异响是轮毂异响的故障现象之一。,"车轮"
QCZXQY,汽车转向器一级维护的内容主要有检查转向器、转向传动机构的工作状况和密封性，并（ ）,"校紧各螺栓"
QCZXXJ,汽车转向系将驾驶员作用于转向盘上的力矩（ ）传给转向轮。,"间接"
QDFDJS,启动发动机时，接通点火开关至起动档，起动机不转，应检查起动机电磁开关保持线圈是否（ ），若有应予以更换。,"断路"
QDFDJX,确定发动机修理尺寸时，除根据测量的圆柱度、圆度进行计算外，还应考虑（ ）对修理尺寸的影响。,"弯曲"
QDGJRY,气动工具容易出现问题的是（ ）。,"以上选项都正确"
QDJGZS,起动机工作时，吸引线圈和保持线圈通电，小齿轮与飞轮齿环啃合，（ ），起动机转动。,"吸引线圈断电"
QDSZJS,强度是指金属材料在外力作用下抵抗（ ）的能力。,"变形和破坏"
QFCSYZ,千分尺是一种精密量具，其测量精度可达（ ）mm。,"0.01"
QFCZWF,千分尺在微分筒的圆锥面上刻有（ ）条等分的刻线。,"50"
QJDSPQ,千斤顶适配器用于（ ）。,"带有偏置差动齿轮的4WD车辆"
QLCYDL,前轮采用独立悬架的汽车，转向梯形机构中的横拉杆应是（ ）的。,"断开式"
QLDWBK,前轮定位包括（ ）。,"主销内倾"
QLQSSZ,前轮前束是指两前轮在中心平面内前端的距离比后端的距离小一些，这两个距离的（ ）叫做前轮前束,"差值"
QMGDYY,曲面刮刀用于刮削内曲面，如轴承、衬套等，常用曲面刮刀是（ ）。,"三角刮刀"
QMZLGL,全面质量管理的英文缩写是（ ）,"TQC"
QXFDJS,清洗发动机时，应先（ ）。,"关闭点火系统"
QXJKZJ,清洗机可直接清洗的配件是（ ）。,"缸盖"
QXSQCZ,前悬是汽车最前端至（ ）中心线的距离,"前轴"
QYBBYY,汽油泵泵油压力过大可能是造成（ ）的故障原因之一,"混合气过浓"
QYBDYB,汽油泵的摇臂行程磨损不应超过（ ）毫米。,"0.2"
QYDMDW,汽油的密度为（ ）g/cm3。,"0.60.78"
QYDYSW,汽油的颜色为（ ）。,"无色"
QYFDJD,汽油发动机的有效功率、有效转矩和燃油消耗率随（ ）变化的规律称为速度特性。,"曲轴"
QYJBZD,汽油机爆震的检测主要有气缸压力检测法、燃烧噪声检测法和（ ）。,"非共振法"
QYJFDQ,汽油机分电器轴轴向间隙不得大于（ ）mm。,"0.5"
QYJRLG,汽油机燃料供给系的作用是根据发动机各种不同工况的要求，将洁净的汽油或汽油和空气配制出适当浓度的混合气，按一定的时间和数量供入（ ）,"气缸"
QYLQQD,汽油滤清器的滤芯形式没有（ ）。,"铝合金"
QYYJYL,汽油要具有良好的抗爆性、化学稳定性、耐腐蚀性、清洁性以及（ ）。,"抗压性"
QYZDDG,气压制动的工作过程是：不制动时，上下活塞和芯管组在回位弹簧作用下，处于腔室的（ ）端位置,"上"
QYZDZZ,气压制动装置中，当抬起制动踏板后， （ ）出现排气缓慢的现象，此为产生制动毂过热原因之一。,"制动阀"
QZSDMY,前轴上端面与转向节之间的间隙调整合适后，应（ ）装入楔形销,"从前往后"
RGFDJW,如果发动机温度出现（ ）现象则可能发动机点火过迟造成的。,"易升高"
RGFDJZ,如果发动机在加速时有明显的爆震声，则（ ）。,"应推迟点火时间"
RGYYGZ,如果由于工作空间限制不能使用成套套筒扳手，应尽可能选用（ ）。,"梅花扳手"
RHXCQD,润滑系除起到润滑作用外，还可起到（ ）的作用。,"洗、冷却、密封"
RHXZDJ,润滑系中的机油滤清器拧紧力矩为（ ）N?m。,"20"
RHXZDJ,润滑系中的机油滤清器拧紧力矩为（ ）N•m。,"20"
RHYBJY,润滑油不具有（ ）的作用。,"防锈"
RHYZDS,润滑油脂的首要作用是（ ）。,"润滑"
RHZSAZ,润滑脂是按照（ ）的大小来编号的。,"针入度"
RSXSZJ,热塑性树脂加热后会（ ）。,"变软"
RSXSZY,热塑性树脂用于（ ）。,"保险杠"
RYXSZJ,热硬性树脂加热后会（ ）。,"变硬"
RYXSZY,热硬性树脂用于（ ）。,"皮带轮"
RYXTYL,燃油系统压力过高，说明燃油压力调节器（ ）。,"堵塞"
RZYHCF,若自由行程符合要求，应拆下（ ），检查离合器盖、飞轮连接螺钉是否松动。,"离合器底盖"
SDBSQD,手动变速器的功用是（ ）。,"中断发动机向驱动桥的动力传递"
SHSTNF,上海桑塔纳发动机火花塞间隙调整好后，其间隙应在（ ）mm之间。,"0.8～1.3"
SJBQTF,三角臂球头防尘套损坏（ ）。,"应及时更换"
SJGFSJ,三极管发射极正向偏置，集电极反向偏置处于（ ）状态,"放大"
SLJDTJ,砂轮机的托架和砂轮表面之间应保持（ ）mm以内的距离，以免将工件扎入。,"3"
SLJQDH,砂轮机启动后，应待转速达到（ ）时，方可进行磨削。,"正常"
SLJSLD,砂轮机砂轮的旋转方向应正确，磨屑应向（ ）飞离砂轮。,"下方"
SLWZSY,十六烷值是用来表示柴油的（ ）性能的。,"发火"
SLYJSX,塑料与金属相比，具有（ ）特点。,"以上选项都正确"
STN_XJ,桑塔纳2000型轿车AFE型发动机装复后，各缸压力差应不小于（ ）MPA。,"0.3"
STN_YQ,桑塔纳2000、一汽奥迪、神龙富康轿车的转向系均采用（ ）。,"齿轮齿条式"
SXTBJL,三相同步交流发电机的组成中（ ）用来产生磁场,"转子总成"
SYCYS_,使用柴油时，不正确的做法是（ ）。,"柴油入油箱前，要充分沉淀"
SYCZS_,使用锤子时，手应握在木柄的（ ）。,"三分之二处"
SYLJJJ,所有零件经检验可分为可用的、不可用的和（ ）三类。,"需修的"
SYQFCC,使用千分尺测量时，应保证千分尺螺杆轴线和工件中心线（ ）。,"垂直"
SYWJQF,使用外径千分尺时，下述（ ）没做，一定会影响测量精度。,"锁止度数"
SZSWDB,三轴式五档变速器的一、倒档长齿与（ ）制成一体,"中间轴"
SZTLZS,上置凸轮轴式配气机构的（ ）是由凸轮轴直接驱动的。,"挺杆"
SZYBYH,丝锥一般用合金工具钢或高速钢制成，并经（ ）。,"淬火处理"
SZYLZH,丝锥由两只或三只组成一套，分成（ ）、二锥和三锥，攻螺纹时依次使用。,"头锥"
TCFDJZ,通常发动机在（ ）转分时，发出的转矩最大。,"4200"
TCQCCD,通常汽车传动系动力最后经过（ ）传递给驱动轮,"半轴"
TDXQCR,通电线圈插入铁芯后，其磁感应强度将（ ）,"增强"
TRXJSY,天然橡胶适用于（ ）。,"轮胎"
TTBXZD,胎体变形增大，使内应力增加，并过度生热升温。加速橡胶老化和帘线疲劳，导致帘线折断和帘布脱层，是（ ）的现象。,"轮胎动不平衡"
TZKQYS,调整空气压缩机皮带方法是：松开空气压缩机底座支架上的3个螺栓，（ ）调整皮带的松紧，顺时针拧动调整螺栓皮带变紧，反之皮带变松,"拧动调整螺栓"
WCNGSZ,未成年工是指（ ）的劳动者,"已满16 周岁未满18 周岁"
WFDQDH,无分电器点火控制系统的高压配电方式有（ ）和点火线圈分配式两大类。,"霍尔分配式"
WGFDJR,我国发动机润滑油的分类法是（ ）。,"粘度分类和质量分类"
WLBZCD,为了保证传动的等速性，在安装传动轴时，必须使主传动轴上的两个万向节叉（ ）,"处在同一平面上"
WLJGJG,为了将工件更加牢固地夹紧在台虎钳上，可以（ ）。,"增加钳口与工件的接触面积"
WLJSJQ,为了减少进气阻力，提高进气量，一般进气门头部的直径比排气门头部的直径（ ）,"要大"
WLZDZW,为了阻挡紫外线，可采用（ ）。,"UV玻璃"
WXCDZZ,万向传动装置除连接变速器与驱动桥外，还应用于（ ）。,"转向操纵系统中"
WYEJGD,稳压二极管的稳定电压与击穿电压相比，稳压电压（ ）。,"相同"
XDCCDS,蓄电池充电时，（ ）。,"硫酸浓度升高，电动势升高"
XDCFDS,蓄电池放电时，硫酸分解成（ ）。,"氢离子和硫酸根"
XDFDJD,现代发动机的温度属于（ ）。,"高温"
XJCQSL,橡胶长期受力，会加速（ ）。,"老化、变形"
XJDXYJ,悬架弹性元件起（ ）作用。,"衰减振动"
XJJYDX,橡胶具有弹性大的特点，一般伸长率可达（ ）。,"800%~100%"
XL_BSF,下列（ ）不是发动机单缸不工作的故障原因。,"分电器断电触点间隙过小"
XL_KNS,下列（ ）可能是造成手动变速器换档困难的故障原因。,"变速器润滑良好"
XLBJKS,下列部件可使用合金钢制造的是（ ）。,"曲轴"
XLBSKQ,下列不是靠驱动皮带驱动的是（ ）。,"机油泵"
XLBSNL,下列不是扭力扳手类型的是（ ）。,"弹簧式"
XLBSYX,下列不属于旋转工具的是（ ）。,"挫刀"
XLCLZ_,下列材料中，可用于制作发动机气缸体、缸盖的铸铁是（ ）。,"灰口铸铁"
XLDYDH,下列对于点火次级电路断路的故障现象叙述正确的是（ ）。,"发动机不能起动"
XLDYDH,下列对于点火次级电路断路的故障原因叙述不正确的是（ ）。,"高压线短路"
XLDYFD,下列对于发动机点火错乱故障的诊断与排除方法叙述不正确的是（ ）。,"摇转曲轴，使第一缸处于排气终了位置并对准正时标记"
XLDYFD,下列对于发动机点火过迟的故障原因叙述正确的是（ ）,"分电器固定螺钉松动"
XLDYFD,下列对于发动机总成的拆装要领叙述正确的是（ ）,"放掉油底壳内的润滑油，并关闭油箱开关"
XLDYHH,下列对于混合气过浓的故障现象叙述不正确的是（ ）,"排气歧管冒白烟"
XLDYSD,下列对于手动变速器乱档的故障现象叙述不正确的是（ ）。,"自动脱档"
XLGDZS,下列刮刀中属于平面刮刀的是（ ）,"钩头刮刀"
XLGYCL,下列工业纯铝的牌号中其纯度最高的是（ ）,"L1"
XLGYCT,下列工业纯铜编号中其纯度最小的是（ ）,"T3"
XLNGXX,下列哪个选项是发动机的传感器。,"空气流量计"
XLPJBS,下列配件不是用铝制成的是（ ）。,"悬架"
XLSFZQ,下列说法正确的是（ ）。,"乙烯乙二醇与水混合，前者比例低于40%时会减低防蚀性及热交换功能"
XLXXBS,下列选项不属于汽油供给装置组成的是（ ）,"空气滤清器"
XLXXBS,下列选项不属于正弦交流电三要素的是（ ）,"周期"
XLXXZK,下列选项中可以承担整车大部分载重的是（ ）,"驱动桥"
XLXXZS,下列选项中属于金属材料工艺性能的是（ ）,"淬透性"
XLXXZ_,下列选项中，（ ）不符合汽车制动液性能的要求。,"蒸发性要好"
XLXXZ_,下列选项中，非润滑油的功能是（ ）。,"冷却"
XMSFCW,下面说法错误的是（ ）。,"安全带警示灯点亮后应首先检查电路故障"
XMSYAQ,下面属于安全装置的是（ ）。,"其他各项都正确"
XSBSWJ,下述不是外径千分尺规格的是（ ）mm。,"5~25"
XZGCSD,形状公差是对（ ）提出的,"单一要素"
YBJSJD,一般计算机对怠速控制的内容包括起动后控制、减速时的控制、负荷变化时的控制和（ ）。,"暖机控制"
YBKCBK,游标卡尺不可以测量（ ）。,"平面度误差"
YBKCDJ,游标卡尺的精度有（ ）三种。,"0.10mm、0.05mm、0.02mm"
YBKCDJ,游标卡尺的精度有（ ）种。,"三"
YBQKX_,一般情况下，发动机汽缸沿轴线方向磨损呈（ ）的特点。,"上大下小"
YDPHQY,用低牌号汽油代替高牌号汽油时，应适当（ ）点火提前角，以免发生爆燃。,"减小"
YDQCDZ,用电桥测电阻属于（ ）,"比较测量"
YDZAWS,遇到障碍物时，由于受到冲击，会引起胎冠爆裂，是（ ）的现象。,"轮胎超载"
YGRYRX,有关Rl2与R134系统的错误说法是（ ）。,"可使用同一种冷冻机油"
YGXB_Z,与钢相比，铸铁工艺性能的突出特点是（ ）。,"可铸性好"
YHBGHL,用厚薄规和量角器测量活塞环的漏光度，其开口处左右对应的圆心角在（ ）允许漏光。,"30°"
YJCJCF,应经常检查发动机机油液面，保持机油液面位于机油尺（ ）。,"MAx及Min两个标记之间"
YJEHFD,由基尔霍夫第二定律可知，当电动势的方向与绕行的方向相反时其值取（ ）,"负"
YJWHJG,一级维护竣工检验技术要求中:转向器、变速器、驱动桥的润滑油面，应在检视口下沿（ ）处，通风孔应畅通；变速器、减速器的凸缘螺母紧固可靠,"0～15mm"
YJWHJG,一级维护竣工检验技术要求中: 转向器、变速器、驱动桥的润滑油面，应在检视口下沿（ ）处，通风孔应畅通；变速器、减速器的凸缘螺母紧固可靠,"0～15mm"
YMYZKS,研磨圆锥孔时，应沿同一方向转动，且每转（ ）圈，将研磨棒稍微拔出一些，再推入研磨。,"3～4"
YNJBFB,用内径百分表测量汽缸磨损量时，应使内径百分表的测量杆与汽缸轴线（ ）,"垂直"
YPJSZY,一篇技师专业论文的价值（ ），通过实践证明，撰写专业论文是保证人才质量的基本措施。,"能全面地展现个人的才华"
YPQPMW,用剖切平面完全地剖开机件后，所得到的剖视图叫做（ ）。,"全剖视图"
YSZWYB,用数字万用表的（ ）可检测点火线圈是否有故障。,"欧姆挡"
YXCLZ_,以下材料中，（ ）属于合金渗碳钢。,"20MnVB"
YXJZCL,以下几种材料中，用于制作发动机曲轴的是（ ）。,"45"
YXSFZQ,以下说法正确的是（ ）。,"不可以敲击接杆以使螺栓松动"
YXXYWZ,优先选用文字符号的规则是（ ）应优先选用。,"字母符号"
YXYGDD,以下有关电动门窗说法正确的是（ ）。,"电动门窗上升速度过慢时不可以在车窗玻璃的密封滑槽内喷入任何润滑油来解决"
YXYGGH,以下有关更换空气滤清器说法错误的是（ ）。,"不需清洁空气滤清器外部"
YXYGGS,以下有关刮水系统说法错误的是（ ）。,"在检查刮水系统时，若发现只有快速挡，肯定是熔丝烧毁造成的"
YXYGSD,以下有关手动变速器油的说法正确的是（ ）。,"手动变速器油不可以用ATF代替"
YXYGWD,以下有关雾灯的说法正确的是（ ）。,"只有在打开小灯的情况下才能打开雾灯"
YYBKCF,用游标卡尺分别测量制动蹄支承销与衬套，其配合间隙不应超过（ ）毫米。,"0.4"
YYLTCL,由于轮胎材料的发展，轮胎承压能力大幅提高，相应轮胎（ ）也提高了。,"气压"
YYQCDQ,越野汽车的前桥属于（ ）。,"转向驱动桥"
YYZDZB,液压制动总泵由缸体、（ ）、推杆、皮碗、回位弹簧、出油阀、回油阀组成。,"挺杆"
YZJLDY,已知交流电压的有效值是 220 V，频率为 50 Hz，当 t = O 时 ，瞬时值为 110 V。则该电压的瞬时值表达式为（ ）。,"U=22Ocos(314t+30°)"
YZLGYD,已知两个用电器分别为40W 和20W 的灯泡，所加的电压均为220V，则下列叙述不正确的是（ ）,"40W 的灯要比20W 的灯消耗的功率小"
YZTSJG,优质碳素结构钢的牌号是由两位数字表示，表示钢平均含碳量的（ ）。,"万分之几"
YZZJHZ,用錾子进行錾削时每次錾削的厚度约为（ ）,"0.5～1mm"
Z_SKQL,在（ ）式空气流量传感器中，还装有进气温度传感器和油泵控制触点。,"热膜"
ZBFDLZ,在部分电路中，通过电路的电流与这段电路两端的电压（ ）,"成正比"
ZBXBMZ,在必须避免撞坏物件的地方应该使用（ ）。,"塑料锤"
ZBZKZZ,在爆震控制中，当发动机发生爆震时， ECU会（ ）。,"推迟点火时刻"
ZCLJSQ,在测量减速器齿轮啮合间隙时，应固定减速器主动齿轮，使其不能转动，将百分表头垂直接触减速器（ ）的齿侧面，并往复转动被动齿轮,"被动齿轮"
ZCQCYY,造成汽车液压制动发生作用时间延迟的主要原因是（ ）。,"与主缸活塞长度无关"
ZDBSQE,自动变速器EU主要根据节气门位置传感器和（ ）发出的信息，控制换挡电磁阀动作，实现换挡。,"车速传感器"
ZDBSQY,自动变速器液压泵齿轮与泵盖间的间隙不超过（ ）mm 。,"0.1"
ZDQCXL,制定汽车修理工时，一定要遵守以下几项原则，即（ ）。,"现实性、合理性"
ZDQDXD,诊断起动系电路短路、断路故障时，除检查起动机导线是否短路外，还应检查（ ）。,"检查起动机电磁开关工作是否正常"
ZEJGDP,在二极管的P型侧接电源的正极，在N型侧接电源的负极，其接合部的电场屏蔽将（ ）。,"不变"
ZFDJRH,在发动机润滑系中并联于润滑系内，并能滤出润滑油中微小杂质的选项是（ ）,"机油细滤器"
ZFDJYZ,在发动机运转及汽车行驶的大部分时间里，由（ ）向用电设备供电,"交流发电机"
ZFQWLZ,在废气涡轮增压控制系统中，控制排气流动路线的切换阀受（ ）的控制。,"驱动气室"
ZJCLDD,直接测量电动汽油泵好坏的依据是（ ）。,"供油量"
ZJHCPC,在进行产品成本的核算时，常把产品成本分为三部分进行核算：即（ ），然后把其累加起来即为产品成本。,"材料费、杂费、基本工资"
ZJSQAC,主减速器按传动比挡数可分为单速式和（ ）。,"高速式"
ZJSQDY,主减速器的圆锥滚子轴承一般都是成对安装使用的，装配时应使其具有一定的（ ）。,"预紧度"
ZJYLJL,在进油路节流调速回路中，没有进入执行元件的多余油液经（ ）流回油箱,"溢流阀"
ZKDZTZ,在可锻铸铁中，碳主要以（ ）形式存在。,"团絮状石墨"
ZKSDHT,真空式点火提前装置的作用是当发动机负荷发生变化时会自动调整（ ）提前角。,"点火"
ZLHJY_,铸铝合金有（ ）。,"ZL101"
ZMFZS_,正面防撞时，安全气囊系统的有效作用范围为正前方和斜前方（ ）范围内。,"±15°"
ZPSZDD,在盘式制动的车辆上，当施加制动且ABS尚未工作时，制动踏板快速脉动，可能是（ ）造成的。,"制动盘跳动扯过大"
ZPTDDM,在平坦的地面使用卧式千斤顶时，错误的是（ ）。,"若没有其他安全辅助支承，若时间很短允许躺在车下工作"
ZQCDHX,在汽车点火系中，电容器可以防止触点烧蚀，提高（ ）。,"次级电压"
ZQCSJG,在汽车实际故障诊断中，常采用模拟信号发生器的（ ）来判断某部位的好坏。,"动作"
ZQQDQC,在前驱动汽车上，每个半轴用（ ）个等速万向节,"二"
ZRGZSX,在日光照射下，塑料不会产生（ ）。,"增亮"
ZSYHDZ,在商业活动中，不符合待人热情要求的是（ ）,"严肃待客，不卑不亢"
ZTSGZD,在碳素钢中对钢的性能影响最大的是（ ）。,"碳"
ZWDXSR,正温度系数热敏电阻随温度升高阻值（ ）。,"上升"
ZWXLTD,子午线轮胎的（ ）层就像一条钢带箍在帘布层上，极大提高了胎面的刚度和强度，减少了爆胎的可能。,"缓冲"
ZXCDJG,转向传动机构可以将（ ）输出的力传给转向轮。,"转向器"
ZXJKPM,錾削较宽平面时，应先用（ ）在平面上开槽，再用扁錾錾去剩余部分。,"尖錾"
ZXJZXK,转向节主销孔轴线对（ ）形成的倾斜角度应符合规定,"垂直线"
ZXQZYD,转向桥主要的功用是承受地面和车架之间的垂直载荷、纵向力和横向力，并保证（ ）作正确的运动,"后轮"
ZXS_YJ,錾削时，眼睛应注视錾子（ ）。,"刃口"
ZXS_ZS,錾削时，左手握住錾身，錾子尾端以露出（ ）mm左右为准。,"20"
ZXS_ZZ,錾削时，錾子的切削刃应与錾削方向倾斜一个角度，此角度大约在（ ）之间。,"25°～40°"
ZYBFBC,在用百分表测量曲轴的轴向间隙时，要用量头垂直触到（ ）的端面上并调零,"飞轮"
ZYLCGQ,作用力超过屈服极限，无法恢复的变形称为（ ）。,"塑性变形"
ZYXHXG,在以下划线工具中，（ ）是绘画工具。,"划规"
ZYYYZD,装有液压制动装置的汽车，行驶一定里程后，用手触摸各制动鼓均感觉发热，故障可能是由（ ）引起的。,"制动主缸"
ZZDPCQ,在诊断排除汽油发动机油路故障时，一般采用先内后外、（ ）、逐段检查、逐渐缩小范围的方法,"由简到繁"
ZZLXTZ,在制冷系统中，用作热交换器的是（ ）,"冷凝器"
ZZQCZD,在钻汽车制动器制动蹄摩擦片铆钉孔时，其铆钉埋头孔的深度应为摩擦片厚度的（ ）。,"三分之一"
ZZYBYY,錾子一般用优质碳素工具钢制成，刃口部分经（ ）处理。,"淬火+低温回火"
_Y_MDL,“与“门电路的逻辑表达式为（ ）。,"Y=A•B"
_HTF_G,《合同法》规定。合同当事人应遵守的原则有（ ）,"平等原则、自愿原则、公平原则都正确"
